DATE,SYMBOL,CLOSE,VOLUME,VARIATION
2025-09-30,ABJC.BC,0,0,0.00
2025-09-30,BICC.BC,0,0,0.00
2025-09-30,BOAB.BC,0,0,0.00
2025-09-30,BOABF.BC,0,0,0.00
2025-09-30,BOAC.BC,0,0,0.00
2025-09-30,BOAM.BC,0,0,0.00
2025-09-30,CABC.BC,0,0,0.00
2025-09-30,CFAC.BC,0,0,0.00
2025-09-30,CIAC.BC,0,0,0.00
2025-09-30,CIE.BC,0,0,0.00
2025-09-30,ECOC.BC,0,0,0.00
2025-09-30,ETIT.BC,0,0,0.00
2025-09-30,NEIC.BC,0,0,0.00
2025-09-30,NSBC.BC,0,0,0.00
2025-09-30,NTLC.BC,0,0,0.00
2025-09-30,ORGT.BC,0,0,0.00
2025-09-30,SABC.BC,0,0,0.00
2025-09-30,SCRC.BC,0,0,0.00
2025-09-30,SDCC.BC,0,0,0.00
2025-09-30,SDSC.BC,0,0,0.00
2025-09-30,SEMC.BC,0,0,0.00
2025-09-30,SGBC.BC,0,0,0.00
2025-09-30,SHEC.BC,0,0,0.00
2025-09-30,SIBC.BC,0,0,0.00
2025-09-30,SICC.BC,0,0,0.00
2025-09-30,SICB.BC,0,0,0.00
2025-09-30,SIVC.BC,0,0,0.00
2025-09-30,SLBC.BC,0,0,0.00
2025-09-30,SMBC.BC,0,0,0.00
2025-09-30,SNTS.BC,0,0,0.00
2025-09-30,SOGC.BC,0,0,0.00
2025-09-30,STAC.BC,0,0,0.00
2025-09-30,STBC.BC,0,0,0.00
2025-09-30,SVOC.BC,0,0,0.00
2025-09-30,ONTBF.BC,0,0,0.00
2025-09-30,PALC.BC,0,0,0.00
2025-09-30,PRSC.BC,0,0,0.00
2025-09-30,TTLC.BC,0,0,0.00
2025-09-30,TTLS.BC,0,0,0.00
2025-09-30,UNXC.BC,0,0,0.00
2025-09-30,FTSC.BC,0,0,0.00
2025-09-30,UNLC.BC,0,0,0.00
2025-09-30,BNBC.BC,0,0,0.00
2025-10-01,ABJC.BC,0,0,0.00
2025-10-01,BICC.BC,0,0,0.00
2025-10-01,BOAB.BC,0,0,0.00
2025-10-01,BOABF.BC,0,0,0.00
2025-10-01,BOAC.BC,0,0,0.00
2025-10-01,BOAM.BC,0,0,0.00
2025-10-01,CABC.BC,0,0,0.00
2025-10-01,CFAC.BC,0,0,0.00
2025-10-01,CIAC.BC,0,0,0.00
2025-10-01,CIE.BC,0,0,0.00
2025-10-01,ECOC.BC,0,0,0.00
2025-10-01,ETIT.BC,0,0,0.00
2025-10-01,NEIC.BC,0,0,0.00
2025-10-01,NSBC.BC,0,0,0.00
2025-10-01,NTLC.BC,0,0,0.00
2025-10-01,ORGT.BC,0,0,0.00
2025-10-01,SABC.BC,0,0,0.00
2025-10-01,SCRC.BC,0,0,0.00
2025-10-01,SDCC.BC,0,0,0.00
2025-10-01,SDSC.BC,0,0,0.00
2025-10-01,SEMC.BC,0,0,0.00
2025-10-01,SGBC.BC,0,0,0.00
2025-10-01,SHEC.BC,0,0,0.00
2025-10-01,SIBC.BC,0,0,0.00
2025-10-01,SICC.BC,0,0,0.00
2025-10-01,SICB.BC,0,0,0.00
2025-10-01,SIVC.BC,0,0,0.00
2025-10-01,SLBC.BC,0,0,0.00
2025-10-01,SMBC.BC,0,0,0.00
2025-10-01,SNTS.BC,0,0,0.00
2025-10-01,SOGC.BC,0,0,0.00
2025-10-01,STAC.BC,0,0,0.00
2025-10-01,STBC.BC,0,0,0.00
2025-10-01,SVOC.BC,0,0,0.00
2025-10-01,ONTBF.BC,0,0,0.00
2025-10-01,PALC.BC,0,0,0.00
2025-10-01,PRSC.BC,0,0,0.00
2025-10-01,TTLC.BC,0,0,0.00
2025-10-01,TTLS.BC,0,0,0.00
2025-10-01,UNXC.BC,0,0,0.00
2025-10-01,FTSC.BC,0,0,0.00
2025-10-01,UNLC.BC,0,0,0.00
2025-10-01,BNBC.BC,0,0,0.00
2025-10-02,ABJC.BC,0,0,0.00
2025-10-02,BICC.BC,0,0,0.00
2025-10-02,BOAB.BC,0,0,0.00
2025-10-02,BOABF.BC,0,0,0.00
2025-10-02,BOAC.BC,0,0,0.00
2025-10-02,BOAM.BC,0,0,0.00
2025-10-02,CABC.BC,0,0,0.00
2025-10-02,CFAC.BC,0,0,0.00
2025-10-02,CIAC.BC,0,0,0.00
2025-10-02,CIE.BC,0,0,0.00
2025-10-02,ECOC.BC,0,0,0.00
2025-10-02,ETIT.BC,0,0,0.00
2025-10-02,NEIC.BC,0,0,0.00
2025-10-02,NSBC.BC,0,0,0.00
2025-10-02,NTLC.BC,0,0,0.00
2025-10-02,ORGT.BC,0,0,0.00
2025-10-02,SABC.BC,0,0,0.00
2025-10-02,SCRC.BC,0,0,0.00
2025-10-02,SDCC.BC,0,0,0.00
2025-10-02,SDSC.BC,0,0,0.00
2025-10-02,SEMC.BC,0,0,0.00
2025-10-02,SGBC.BC,0,0,0.00
2025-10-02,SHEC.BC,0,0,0.00
2025-10-02,SIBC.BC,0,0,0.00
2025-10-02,SICC.BC,0,0,0.00
2025-10-02,SICB.BC,0,0,0.00
2025-10-02,SIVC.BC,0,0,0.00
2025-10-02,SLBC.BC,0,0,0.00
2025-10-02,SMBC.BC,0,0,0.00
2025-10-02,SNTS.BC,0,0,0.00
2025-10-02,SOGC.BC,0,0,0.00
2025-10-02,STAC.BC,0,0,0.00
2025-10-02,STBC.BC,0,0,0.00
2025-10-02,SVOC.BC,0,0,0.00
2025-10-02,ONTBF.BC,0,0,0.00
2025-10-02,PALC.BC,0,0,0.00
2025-10-02,PRSC.BC,0,0,0.00
2025-10-02,TTLC.BC,0,0,0.00
2025-10-02,TTLS.BC,0,0,0.00
2025-10-02,UNXC.BC,0,0,0.00
2025-10-02,FTSC.BC,0,0,0.00
2025-10-02,UNLC.BC,0,0,0.00
2025-10-02,BNBC.BC,0,0,0.00
2025-10-03,ABJC.BC,0,0,0.00
2025-10-03,BICC.BC,0,0,0.00
2025-10-03,BOAB.BC,0,0,0.00
2025-10-03,BOABF.BC,0,0,0.00
2025-10-03,BOAC.BC,0,0,0.00
2025-10-03,BOAM.BC,0,0,0.00
2025-10-03,CABC.BC,0,0,0.00
2025-10-03,CFAC.BC,0,0,0.00
2025-10-03,CIAC.BC,0,0,0.00
2025-10-03,CIE.BC,0,0,0.00
2025-10-03,ECOC.BC,0,0,0.00
2025-10-03,ETIT.BC,0,0,0.00
2025-10-03,NEIC.BC,0,0,0.00
2025-10-03,NSBC.BC,0,0,0.00
2025-10-03,NTLC.BC,0,0,0.00
2025-10-03,ORGT.BC,0,0,0.00
2025-10-03,SABC.BC,0,0,0.00
2025-10-03,SCRC.BC,0,0,0.00
2025-10-03,SDCC.BC,0,0,0.00
2025-10-03,SDSC.BC,0,0,0.00
2025-10-03,SEMC.BC,0,0,0.00
2025-10-03,SGBC.BC,0,0,0.00
2025-10-03,SHEC.BC,0,0,0.00
2025-10-03,SIBC.BC,0,0,0.00
2025-10-03,SICC.BC,0,0,0.00
2025-10-03,SICB.BC,0,0,0.00
2025-10-03,SIVC.BC,0,0,0.00
2025-10-03,SLBC.BC,0,0,0.00
2025-10-03,SMBC.BC,0,0,0.00
2025-10-03,SNTS.BC,0,0,0.00
2025-10-03,SOGC.BC,0,0,0.00
2025-10-03,STAC.BC,0,0,0.00
2025-10-03,STBC.BC,0,0,0.00
2025-10-03,SVOC.BC,0,0,0.00
2025-10-03,ONTBF.BC,0,0,0.00
2025-10-03,PALC.BC,0,0,0.00
2025-10-03,PRSC.BC,0,0,0.00
2025-10-03,TTLC.BC,0,0,0.00
2025-10-03,TTLS.BC,0,0,0.00
2025-10-03,UNXC.BC,0,0,0.00
2025-10-03,FTSC.BC,0,0,0.00
2025-10-03,UNLC.BC,0,0,0.00
2025-10-03,BNBC.BC,0,0,0.00
2025-10-06,ABJC.BC,0,0,0.00
2025-10-06,BICC.BC,0,0,0.00
2025-10-06,BOAB.BC,0,0,0.00
2025-10-06,BOABF.BC,0,0,0.00
2025-10-06,BOAC.BC,0,0,0.00
2025-10-06,BOAM.BC,0,0,0.00
2025-10-06,CABC.BC,0,0,0.00
2025-10-06,CFAC.BC,0,0,0.00
2025-10-06,CIAC.BC,0,0,0.00
2025-10-06,CIE.BC,0,0,0.00
2025-10-06,ECOC.BC,0,0,0.00
2025-10-06,ETIT.BC,0,0,0.00
2025-10-06,NEIC.BC,0,0,0.00
2025-10-06,NSBC.BC,0,0,0.00
2025-10-06,NTLC.BC,0,0,0.00
2025-10-06,ORGT.BC,0,0,0.00
2025-10-06,SABC.BC,0,0,0.00
2025-10-06,SCRC.BC,0,0,0.00
2025-10-06,SDCC.BC,0,0,0.00
2025-10-06,SDSC.BC,0,0,0.00
2025-10-06,SEMC.BC,0,0,0.00
2025-10-06,SGBC.BC,0,0,0.00
2025-10-06,SHEC.BC,0,0,0.00
2025-10-06,SIBC.BC,0,0,0.00
2025-10-06,SICC.BC,0,0,0.00
2025-10-06,SICB.BC,0,0,0.00
2025-10-06,SIVC.BC,0,0,0.00
2025-10-06,SLBC.BC,0,0,0.00
2025-10-06,SMBC.BC,0,0,0.00
2025-10-06,SNTS.BC,0,0,0.00
2025-10-06,SOGC.BC,0,0,0.00
2025-10-06,STAC.BC,0,0,0.00
2025-10-06,STBC.BC,0,0,0.00
2025-10-06,SVOC.BC,0,0,0.00
2025-10-06,ONTBF.BC,0,0,0.00
2025-10-06,PALC.BC,0,0,0.00
2025-10-06,PRSC.BC,0,0,0.00
2025-10-06,TTLC.BC,0,0,0.00
2025-10-06,TTLS.BC,0,0,0.00
2025-10-06,UNXC.BC,0,0,0.00
2025-10-06,FTSC.BC,0,0,0.00
2025-10-06,UNLC.BC,0,0,0.00
2025-10-06,BNBC.BC,0,0,0.00
2025-10-07,ABJC.BC,0,0,0.00
2025-10-07,BICC.BC,0,0,0.00
2025-10-07,BOAB.BC,0,0,0.00
2025-10-07,BOABF.BC,0,0,0.00
2025-10-07,BOAC.BC,0,0,0.00
2025-10-07,BOAM.BC,0,0,0.00
2025-10-07,CABC.BC,0,0,0.00
2025-10-07,CFAC.BC,0,0,0.00
2025-10-07,CIAC.BC,0,0,0.00
2025-10-07,CIE.BC,0,0,0.00
2025-10-07,ECOC.BC,0,0,0.00
2025-10-07,ETIT.BC,0,0,0.00
2025-10-07,NEIC.BC,0,0,0.00
2025-10-07,NSBC.BC,0,0,0.00
2025-10-07,NTLC.BC,0,0,0.00
2025-10-07,ORGT.BC,0,0,0.00
2025-10-07,SABC.BC,0,0,0.00
2025-10-07,SCRC.BC,0,0,0.00
2025-10-07,SDCC.BC,0,0,0.00
2025-10-07,SDSC.BC,0,0,0.00
2025-10-07,SEMC.BC,0,0,0.00
2025-10-07,SGBC.BC,0,0,0.00
2025-10-07,SHEC.BC,0,0,0.00
2025-10-07,SIBC.BC,0,0,0.00
2025-10-07,SICC.BC,0,0,0.00
2025-10-07,SICB.BC,0,0,0.00
2025-10-07,SIVC.BC,0,0,0.00
2025-10-07,SLBC.BC,0,0,0.00
2025-10-07,SMBC.BC,0,0,0.00
2025-10-07,SNTS.BC,0,0,0.00
2025-10-07,SOGC.BC,0,0,0.00
2025-10-07,STAC.BC,0,0,0.00
2025-10-07,STBC.BC,0,0,0.00
2025-10-07,SVOC.BC,0,0,0.00
2025-10-07,ONTBF.BC,0,0,0.00
2025-10-07,PALC.BC,0,0,0.00
2025-10-07,PRSC.BC,0,0,0.00
2025-10-07,TTLC.BC,0,0,0.00
2025-10-07,TTLS.BC,0,0,0.00
2025-10-07,UNXC.BC,0,0,0.00
2025-10-07,FTSC.BC,0,0,0.00
2025-10-07,UNLC.BC,0,0,0.00
2025-10-07,BNBC.BC,0,0,0.00
2025-10-08,ABJC.BC,0,0,0.00
2025-10-08,BICC.BC,0,0,0.00
2025-10-08,BOAB.BC,0,0,0.00
2025-10-08,BOABF.BC,0,0,0.00
2025-10-08,BOAC.BC,0,0,0.00
2025-10-08,BOAM.BC,0,0,0.00
2025-10-08,CABC.BC,0,0,0.00
2025-10-08,CFAC.BC,0,0,0.00
2025-10-08,CIAC.BC,0,0,0.00
2025-10-08,CIE.BC,0,0,0.00
2025-10-08,ECOC.BC,0,0,0.00
2025-10-08,ETIT.BC,0,0,0.00
2025-10-08,NEIC.BC,0,0,0.00
2025-10-08,NSBC.BC,0,0,0.00
2025-10-08,NTLC.BC,0,0,0.00
2025-10-08,ORGT.BC,0,0,0.00
2025-10-08,SABC.BC,0,0,0.00
2025-10-08,SCRC.BC,0,0,0.00
2025-10-08,SDCC.BC,0,0,0.00
2025-10-08,SDSC.BC,0,0,0.00
2025-10-08,SEMC.BC,0,0,0.00
2025-10-08,SGBC.BC,0,0,0.00
2025-10-08,SHEC.BC,0,0,0.00
2025-10-08,SIBC.BC,0,0,0.00
2025-10-08,SICC.BC,0,0,0.00
2025-10-08,SICB.BC,0,0,0.00
2025-10-08,SIVC.BC,0,0,0.00
2025-10-08,SLBC.BC,0,0,0.00
2025-10-08,SMBC.BC,0,0,0.00
2025-10-08,SNTS.BC,0,0,0.00
2025-10-08,SOGC.BC,0,0,0.00
2025-10-08,STAC.BC,0,0,0.00
2025-10-08,STBC.BC,0,0,0.00
2025-10-08,SVOC.BC,0,0,0.00
2025-10-08,ONTBF.BC,0,0,0.00
2025-10-08,PALC.BC,0,0,0.00
2025-10-08,PRSC.BC,0,0,0.00
2025-10-08,TTLC.BC,0,0,0.00
2025-10-08,TTLS.BC,0,0,0.00
2025-10-08,UNXC.BC,0,0,0.00
2025-10-08,FTSC.BC,0,0,0.00
2025-10-08,UNLC.BC,0,0,0.00
2025-10-08,BNBC.BC,0,0,0.00
2025-10-09,ABJC.BC,0,0,0.00
2025-10-09,BICC.BC,0,0,0.00
2025-10-09,BOAB.BC,0,0,0.00
2025-10-09,BOABF.BC,0,0,0.00
2025-10-09,BOAC.BC,0,0,0.00
2025-10-09,BOAM.BC,0,0,0.00
2025-10-09,CABC.BC,0,0,0.00
2025-10-09,CFAC.BC,0,0,0.00
2025-10-09,CIAC.BC,0,0,0.00
2025-10-09,CIE.BC,0,0,0.00
2025-10-09,ECOC.BC,0,0,0.00
2025-10-09,ETIT.BC,0,0,0.00
2025-10-09,NEIC.BC,0,0,0.00
2025-10-09,NSBC.BC,0,0,0.00
2025-10-09,NTLC.BC,0,0,0.00
2025-10-09,ORGT.BC,0,0,0.00
2025-10-09,SABC.BC,0,0,0.00
2025-10-09,SCRC.BC,0,0,0.00
2025-10-09,SDCC.BC,0,0,0.00
2025-10-09,SDSC.BC,0,0,0.00
2025-10-09,SEMC.BC,0,0,0.00
2025-10-09,SGBC.BC,0,0,0.00
2025-10-09,SHEC.BC,0,0,0.00
2025-10-09,SIBC.BC,0,0,0.00
2025-10-09,SICC.BC,0,0,0.00
2025-10-09,SICB.BC,0,0,0.00
2025-10-09,SIVC.BC,0,0,0.00
2025-10-09,SLBC.BC,0,0,0.00
2025-10-09,SMBC.BC,0,0,0.00
2025-10-09,SNTS.BC,0,0,0.00
2025-10-09,SOGC.BC,0,0,0.00
2025-10-09,STAC.BC,0,0,0.00
2025-10-09,STBC.BC,0,0,0.00
2025-10-09,SVOC.BC,0,0,0.00
2025-10-09,ONTBF.BC,0,0,0.00
2025-10-09,PALC.BC,0,0,0.00
2025-10-09,PRSC.BC,0,0,0.00
2025-10-09,TTLC.BC,0,0,0.00
2025-10-09,TTLS.BC,0,0,0.00
2025-10-09,UNXC.BC,0,0,0.00
2025-10-09,FTSC.BC,0,0,0.00
2025-10-09,UNLC.BC,0,0,0.00
2025-10-09,BNBC.BC,0,0,0.00
2025-10-10,ABJC.BC,0,0,0.00
2025-10-10,BICC.BC,0,0,0.00
2025-10-10,BOAB.BC,0,0,0.00
2025-10-10,BOABF.BC,0,0,0.00
2025-10-10,BOAC.BC,0,0,0.00
2025-10-10,BOAM.BC,0,0,0.00
2025-10-10,CABC.BC,0,0,0.00
2025-10-10,CFAC.BC,0,0,0.00
2025-10-10,CIAC.BC,0,0,0.00
2025-10-10,CIE.BC,0,0,0.00
2025-10-10,ECOC.BC,0,0,0.00
2025-10-10,ETIT.BC,0,0,0.00
2025-10-10,NEIC.BC,0,0,0.00
2025-10-10,NSBC.BC,0,0,0.00
2025-10-10,NTLC.BC,0,0,0.00
2025-10-10,ORGT.BC,0,0,0.00
2025-10-10,SABC.BC,0,0,0.00
2025-10-10,SCRC.BC,0,0,0.00
2025-10-10,SDCC.BC,0,0,0.00
2025-10-10,SDSC.BC,0,0,0.00
2025-10-10,SEMC.BC,0,0,0.00
2025-10-10,SGBC.BC,0,0,0.00
2025-10-10,SHEC.BC,0,0,0.00
2025-10-10,SIBC.BC,0,0,0.00
2025-10-10,SICC.BC,0,0,0.00
2025-10-10,SICB.BC,0,0,0.00
2025-10-10,SIVC.BC,0,0,0.00
2025-10-10,SLBC.BC,0,0,0.00
2025-10-10,SMBC.BC,0,0,0.00
2025-10-10,SNTS.BC,0,0,0.00
2025-10-10,SOGC.BC,0,0,0.00
2025-10-10,STAC.BC,0,0,0.00
2025-10-10,STBC.BC,0,0,0.00
2025-10-10,SVOC.BC,0,0,0.00
2025-10-10,ONTBF.BC,0,0,0.00
2025-10-10,PALC.BC,0,0,0.00
2025-10-10,PRSC.BC,0,0,0.00
2025-10-10,TTLC.BC,0,0,0.00
2025-10-10,TTLS.BC,0,0,0.00
2025-10-10,UNXC.BC,0,0,0.00
2025-10-10,FTSC.BC,0,0,0.00
2025-10-10,UNLC.BC,0,0,0.00
2025-10-10,BNBC.BC,0,0,0.00
2025-10-13,ABJC.BC,0,0,0.00
2025-10-13,BICC.BC,0,0,0.00
2025-10-13,BOAB.BC,0,0,0.00
2025-10-13,BOABF.BC,0,0,0.00
2025-10-13,BOAC.BC,0,0,0.00
2025-10-13,BOAM.BC,0,0,0.00
2025-10-13,CABC.BC,0,0,0.00
2025-10-13,CFAC.BC,0,0,0.00
2025-10-13,CIAC.BC,0,0,0.00
2025-10-13,CIE.BC,0,0,0.00
2025-10-13,ECOC.BC,0,0,0.00
2025-10-13,ETIT.BC,0,0,0.00
2025-10-13,NEIC.BC,0,0,0.00
2025-10-13,NSBC.BC,0,0,0.00
2025-10-13,NTLC.BC,0,0,0.00
2025-10-13,ORGT.BC,0,0,0.00
2025-10-13,SABC.BC,0,0,0.00
2025-10-13,SCRC.BC,0,0,0.00
2025-10-13,SDCC.BC,0,0,0.00
2025-10-13,SDSC.BC,0,0,0.00
2025-10-13,SEMC.BC,0,0,0.00
2025-10-13,SGBC.BC,0,0,0.00
2025-10-13,SHEC.BC,0,0,0.00
2025-10-13,SIBC.BC,0,0,0.00
2025-10-13,SICC.BC,0,0,0.00
2025-10-13,SICB.BC,0,0,0.00
2025-10-13,SIVC.BC,0,0,0.00
2025-10-13,SLBC.BC,0,0,0.00
2025-10-13,SMBC.BC,0,0,0.00
2025-10-13,SNTS.BC,0,0,0.00
2025-10-13,SOGC.BC,0,0,0.00
2025-10-13,STAC.BC,0,0,0.00
2025-10-13,STBC.BC,0,0,0.00
2025-10-13,SVOC.BC,0,0,0.00
2025-10-13,ONTBF.BC,0,0,0.00
2025-10-13,PALC.BC,0,0,0.00
2025-10-13,PRSC.BC,0,0,0.00
2025-10-13,TTLC.BC,0,0,0.00
2025-10-13,TTLS.BC,0,0,0.00
2025-10-13,UNXC.BC,0,0,0.00
2025-10-13,FTSC.BC,0,0,0.00
2025-10-13,UNLC.BC,0,0,0.00
2025-10-13,BNBC.BC,0,0,0.00
2025-10-14,ABJC.BC,0,0,0.00
2025-10-14,BICC.BC,0,0,0.00
2025-10-14,BOAB.BC,0,0,0.00
2025-10-14,BOABF.BC,0,0,0.00
2025-10-14,BOAC.BC,0,0,0.00
2025-10-14,BOAM.BC,0,0,0.00
2025-10-14,CABC.BC,0,0,0.00
2025-10-14,CFAC.BC,0,0,0.00
2025-10-14,CIAC.BC,0,0,0.00
2025-10-14,CIE.BC,0,0,0.00
2025-10-14,ECOC.BC,0,0,0.00
2025-10-14,ETIT.BC,0,0,0.00
2025-10-14,NEIC.BC,0,0,0.00
2025-10-14,NSBC.BC,0,0,0.00
2025-10-14,NTLC.BC,0,0,0.00
2025-10-14,ORGT.BC,0,0,0.00
2025-10-14,SABC.BC,0,0,0.00
2025-10-14,SCRC.BC,0,0,0.00
2025-10-14,SDCC.BC,0,0,0.00
2025-10-14,SDSC.BC,0,0,0.00
2025-10-14,SEMC.BC,0,0,0.00
2025-10-14,SGBC.BC,0,0,0.00
2025-10-14,SHEC.BC,0,0,0.00
2025-10-14,SIBC.BC,0,0,0.00
2025-10-14,SICC.BC,0,0,0.00
2025-10-14,SICB.BC,0,0,0.00
2025-10-14,SIVC.BC,0,0,0.00
2025-10-14,SLBC.BC,0,0,0.00
2025-10-14,SMBC.BC,0,0,0.00
2025-10-14,SNTS.BC,0,0,0.00
2025-10-14,SOGC.BC,0,0,0.00
2025-10-14,STAC.BC,0,0,0.00
2025-10-14,STBC.BC,0,0,0.00
2025-10-14,SVOC.BC,0,0,0.00
2025-10-14,ONTBF.BC,0,0,0.00
2025-10-14,PALC.BC,0,0,0.00
2025-10-14,PRSC.BC,0,0,0.00
2025-10-14,TTLC.BC,0,0,0.00
2025-10-14,TTLS.BC,0,0,0.00
2025-10-14,UNXC.BC,0,0,0.00
2025-10-14,FTSC.BC,0,0,0.00
2025-10-14,UNLC.BC,0,0,0.00
2025-10-14,BNBC.BC,0,0,0.00
2025-10-15,ABJC.BC,0,0,0.00
2025-10-15,BICC.BC,0,0,0.00
2025-10-15,BOAB.BC,0,0,0.00
2025-10-15,BOABF.BC,0,0,0.00
2025-10-15,BOAC.BC,0,0,0.00
2025-10-15,BOAM.BC,0,0,0.00
2025-10-15,CABC.BC,0,0,0.00
2025-10-15,CFAC.BC,0,0,0.00
2025-10-15,CIAC.BC,0,0,0.00
2025-10-15,CIE.BC,0,0,0.00
2025-10-15,ECOC.BC,0,0,0.00
2025-10-15,ETIT.BC,0,0,0.00
2025-10-15,NEIC.BC,0,0,0.00
2025-10-15,NSBC.BC,0,0,0.00
2025-10-15,NTLC.BC,0,0,0.00
2025-10-15,ORGT.BC,0,0,0.00
2025-10-15,SABC.BC,0,0,0.00
2025-10-15,SCRC.BC,0,0,0.00
2025-10-15,SDCC.BC,0,0,0.00
2025-10-15,SDSC.BC,0,0,0.00
2025-10-15,SEMC.BC,0,0,0.00
2025-10-15,SGBC.BC,0,0,0.00
2025-10-15,SHEC.BC,0,0,0.00
2025-10-15,SIBC.BC,0,0,0.00
2025-10-15,SICC.BC,0,0,0.00
2025-10-15,SICB.BC,0,0,0.00
2025-10-15,SIVC.BC,0,0,0.00
2025-10-15,SLBC.BC,0,0,0.00
2025-10-15,SMBC.BC,0,0,0.00
2025-10-15,SNTS.BC,0,0,0.00
2025-10-15,SOGC.BC,0,0,0.00
2025-10-15,STAC.BC,0,0,0.00
2025-10-15,STBC.BC,0,0,0.00
2025-10-15,SVOC.BC,0,0,0.00
2025-10-15,ONTBF.BC,0,0,0.00
2025-10-15,PALC.BC,0,0,0.00
2025-10-15,PRSC.BC,0,0,0.00
2025-10-15,TTLC.BC,0,0,0.00
2025-10-15,TTLS.BC,0,0,0.00
2025-10-15,UNXC.BC,0,0,0.00
2025-10-15,FTSC.BC,0,0,0.00
2025-10-15,UNLC.BC,0,0,0.00
2025-10-15,BNBC.BC,0,0,0.00
2025-10-16,ABJC.BC,0,0,0.00
2025-10-16,BICC.BC,0,0,0.00
2025-10-16,BOAB.BC,0,0,0.00
2025-10-16,BOABF.BC,0,0,0.00
2025-10-16,BOAC.BC,0,0,0.00
2025-10-16,BOAM.BC,0,0,0.00
2025-10-16,CABC.BC,0,0,0.00
2025-10-16,CFAC.BC,0,0,0.00
2025-10-16,CIAC.BC,0,0,0.00
2025-10-16,CIE.BC,0,0,0.00
2025-10-16,ECOC.BC,0,0,0.00
2025-10-16,ETIT.BC,0,0,0.00
2025-10-16,NEIC.BC,0,0,0.00
2025-10-16,NSBC.BC,0,0,0.00
2025-10-16,NTLC.BC,0,0,0.00
2025-10-16,ORGT.BC,0,0,0.00
2025-10-16,SABC.BC,0,0,0.00
2025-10-16,SCRC.BC,0,0,0.00
2025-10-16,SDCC.BC,0,0,0.00
2025-10-16,SDSC.BC,0,0,0.00
2025-10-16,SEMC.BC,0,0,0.00
2025-10-16,SGBC.BC,0,0,0.00
2025-10-16,SHEC.BC,0,0,0.00
2025-10-16,SIBC.BC,0,0,0.00
2025-10-16,SICC.BC,0,0,0.00
2025-10-16,SICB.BC,0,0,0.00
2025-10-16,SIVC.BC,0,0,0.00
2025-10-16,SLBC.BC,0,0,0.00
2025-10-16,SMBC.BC,0,0,0.00
2025-10-16,SNTS.BC,0,0,0.00
2025-10-16,SOGC.BC,0,0,0.00
2025-10-16,STAC.BC,0,0,0.00
2025-10-16,STBC.BC,0,0,0.00
2025-10-16,SVOC.BC,0,0,0.00
2025-10-16,ONTBF.BC,0,0,0.00
2025-10-16,PALC.BC,0,0,0.00
2025-10-16,PRSC.BC,0,0,0.00
2025-10-16,TTLC.BC,0,0,0.00
2025-10-16,TTLS.BC,0,0,0.00
2025-10-16,UNXC.BC,0,0,0.00
2025-10-16,FTSC.BC,0,0,0.00
2025-10-16,UNLC.BC,0,0,0.00
2025-10-16,BNBC.BC,0,0,0.00
2025-10-17,ABJC.BC,0,0,0.00
2025-10-17,BICC.BC,0,0,0.00
2025-10-17,BOAB.BC,0,0,0.00
2025-10-17,BOABF.BC,0,0,0.00
2025-10-17,BOAC.BC,0,0,0.00
2025-10-17,BOAM.BC,0,0,0.00
2025-10-17,CABC.BC,0,0,0.00
2025-10-17,CFAC.BC,0,0,0.00
2025-10-17,CIAC.BC,0,0,0.00
2025-10-17,CIE.BC,0,0,0.00
2025-10-17,ECOC.BC,0,0,0.00
2025-10-17,ETIT.BC,0,0,0.00
2025-10-17,NEIC.BC,0,0,0.00
2025-10-17,NSBC.BC,0,0,0.00
2025-10-17,NTLC.BC,0,0,0.00
2025-10-17,ORGT.BC,0,0,0.00
2025-10-17,SABC.BC,0,0,0.00
2025-10-17,SCRC.BC,0,0,0.00
2025-10-17,SDCC.BC,0,0,0.00
2025-10-17,SDSC.BC,0,0,0.00
2025-10-17,SEMC.BC,0,0,0.00
2025-10-17,SGBC.BC,0,0,0.00
2025-10-17,SHEC.BC,0,0,0.00
2025-10-17,SIBC.BC,0,0,0.00
2025-10-17,SICC.BC,0,0,0.00
2025-10-17,SICB.BC,0,0,0.00
2025-10-17,SIVC.BC,0,0,0.00
2025-10-17,SLBC.BC,0,0,0.00
2025-10-17,SMBC.BC,0,0,0.00
2025-10-17,SNTS.BC,0,0,0.00
2025-10-17,SOGC.BC,0,0,0.00
2025-10-17,STAC.BC,0,0,0.00
2025-10-17,STBC.BC,0,0,0.00
2025-10-17,SVOC.BC,0,0,0.00
2025-10-17,ONTBF.BC,0,0,0.00
2025-10-17,PALC.BC,0,0,0.00
2025-10-17,PRSC.BC,0,0,0.00
2025-10-17,TTLC.BC,0,0,0.00
2025-10-17,TTLS.BC,0,0,0.00
2025-10-17,UNXC.BC,0,0,0.00
2025-10-17,FTSC.BC,0,0,0.00
2025-10-17,UNLC.BC,0,0,0.00
2025-10-17,BNBC.BC,0,0,0.00
2025-10-20,ABJC.BC,0,0,0.00
2025-10-20,BICC.BC,0,0,0.00
2025-10-20,BOAB.BC,0,0,0.00
2025-10-20,BOABF.BC,0,0,0.00
2025-10-20,BOAC.BC,0,0,0.00
2025-10-20,BOAM.BC,0,0,0.00
2025-10-20,CABC.BC,0,0,0.00
2025-10-20,CFAC.BC,0,0,0.00
2025-10-20,CIAC.BC,0,0,0.00
2025-10-20,CIE.BC,0,0,0.00
2025-10-20,ECOC.BC,0,0,0.00
2025-10-20,ETIT.BC,0,0,0.00
2025-10-20,NEIC.BC,0,0,0.00
2025-10-20,NSBC.BC,0,0,0.00
2025-10-20,NTLC.BC,0,0,0.00
2025-10-20,ORGT.BC,0,0,0.00
2025-10-20,SABC.BC,0,0,0.00
2025-10-20,SCRC.BC,0,0,0.00
2025-10-20,SDCC.BC,0,0,0.00
2025-10-20,SDSC.BC,0,0,0.00
2025-10-20,SEMC.BC,0,0,0.00
2025-10-20,SGBC.BC,0,0,0.00
2025-10-20,SHEC.BC,0,0,0.00
2025-10-20,SIBC.BC,0,0,0.00
2025-10-20,SICC.BC,0,0,0.00
2025-10-20,SICB.BC,0,0,0.00
2025-10-20,SIVC.BC,0,0,0.00
2025-10-20,SLBC.BC,0,0,0.00
2025-10-20,SMBC.BC,0,0,0.00
2025-10-20,SNTS.BC,0,0,0.00
2025-10-20,SOGC.BC,0,0,0.00
2025-10-20,STAC.BC,0,0,0.00
2025-10-20,STBC.BC,0,0,0.00
2025-10-20,SVOC.BC,0,0,0.00
2025-10-20,ONTBF.BC,0,0,0.00
2025-10-20,PALC.BC,0,0,0.00
2025-10-20,PRSC.BC,0,0,0.00
2025-10-20,TTLC.BC,0,0,0.00
2025-10-20,TTLS.BC,0,0,0.00
2025-10-20,UNXC.BC,0,0,0.00
2025-10-20,FTSC.BC,0,0,0.00
2025-10-20,UNLC.BC,0,0,0.00
2025-10-20,BNBC.BC,0,0,0.00
2025-10-21,ABJC.BC,0,0,0.00
2025-10-21,BICC.BC,0,0,0.00
2025-10-21,BOAB.BC,0,0,0.00
2025-10-21,BOABF.BC,0,0,0.00
2025-10-21,BOAC.BC,0,0,0.00
2025-10-21,BOAM.BC,0,0,0.00
2025-10-21,CABC.BC,0,0,0.00
2025-10-21,CFAC.BC,0,0,0.00
2025-10-21,CIAC.BC,0,0,0.00
2025-10-21,CIE.BC,0,0,0.00
2025-10-21,ECOC.BC,0,0,0.00
2025-10-21,ETIT.BC,0,0,0.00
2025-10-21,NEIC.BC,0,0,0.00
2025-10-21,NSBC.BC,0,0,0.00
2025-10-21,NTLC.BC,0,0,0.00
2025-10-21,ORGT.BC,0,0,0.00
2025-10-21,SABC.BC,0,0,0.00
2025-10-21,SCRC.BC,0,0,0.00
2025-10-21,SDCC.BC,0,0,0.00
2025-10-21,SDSC.BC,0,0,0.00
2025-10-21,SEMC.BC,0,0,0.00
2025-10-21,SGBC.BC,0,0,0.00
2025-10-21,SHEC.BC,0,0,0.00
2025-10-21,SIBC.BC,0,0,0.00
2025-10-21,SICC.BC,0,0,0.00
2025-10-21,SICB.BC,0,0,0.00
2025-10-21,SIVC.BC,0,0,0.00
2025-10-21,SLBC.BC,0,0,0.00
2025-10-21,SMBC.BC,0,0,0.00
2025-10-21,SNTS.BC,0,0,0.00
2025-10-21,SOGC.BC,0,0,0.00
2025-10-21,STAC.BC,0,0,0.00
2025-10-21,STBC.BC,0,0,0.00
2025-10-21,SVOC.BC,0,0,0.00
2025-10-21,ONTBF.BC,0,0,0.00
2025-10-21,PALC.BC,0,0,0.00
2025-10-21,PRSC.BC,0,0,0.00
2025-10-21,TTLC.BC,0,0,0.00
2025-10-21,TTLS.BC,0,0,0.00
2025-10-21,UNXC.BC,0,0,0.00
2025-10-21,FTSC.BC,0,0,0.00
2025-10-21,UNLC.BC,0,0,0.00
2025-10-21,BNBC.BC,0,0,0.00
2025-10-22,ABJC.BC,0,0,0.00
2025-10-22,BICC.BC,0,0,0.00
2025-10-22,BOAB.BC,0,0,0.00
2025-10-22,BOABF.BC,0,0,0.00
2025-10-22,BOAC.BC,0,0,0.00
2025-10-22,BOAM.BC,0,0,0.00
2025-10-22,CABC.BC,0,0,0.00
2025-10-22,CFAC.BC,0,0,0.00
2025-10-22,CIAC.BC,0,0,0.00
2025-10-22,CIE.BC,0,0,0.00
2025-10-22,ECOC.BC,0,0,0.00
2025-10-22,ETIT.BC,0,0,0.00
2025-10-22,NEIC.BC,0,0,0.00
2025-10-22,NSBC.BC,0,0,0.00
2025-10-22,NTLC.BC,0,0,0.00
2025-10-22,ORGT.BC,0,0,0.00
2025-10-22,SABC.BC,0,0,0.00
2025-10-22,SCRC.BC,0,0,0.00
2025-10-22,SDCC.BC,0,0,0.00
2025-10-22,SDSC.BC,0,0,0.00
2025-10-22,SEMC.BC,0,0,0.00
2025-10-22,SGBC.BC,0,0,0.00
2025-10-22,SHEC.BC,0,0,0.00
2025-10-22,SIBC.BC,0,0,0.00
2025-10-22,SICC.BC,0,0,0.00
2025-10-22,SICB.BC,0,0,0.00
2025-10-22,SIVC.BC,0,0,0.00
2025-10-22,SLBC.BC,0,0,0.00
2025-10-22,SMBC.BC,0,0,0.00
2025-10-22,SNTS.BC,0,0,0.00
2025-10-22,SOGC.BC,0,0,0.00
2025-10-22,STAC.BC,0,0,0.00
2025-10-22,STBC.BC,0,0,0.00
2025-10-22,SVOC.BC,0,0,0.00
2025-10-22,ONTBF.BC,0,0,0.00
2025-10-22,PALC.BC,0,0,0.00
2025-10-22,PRSC.BC,0,0,0.00
2025-10-22,TTLC.BC,0,0,0.00
2025-10-22,TTLS.BC,0,0,0.00
2025-10-22,UNXC.BC,0,0,0.00
2025-10-22,FTSC.BC,0,0,0.00
2025-10-22,UNLC.BC,0,0,0.00
2025-10-22,BNBC.BC,0,0,0.00
2025-10-23,ABJC.BC,0,0,0.00
2025-10-23,BICC.BC,0,0,0.00
2025-10-23,BOAB.BC,0,0,0.00
2025-10-23,BOABF.BC,0,0,0.00
2025-10-23,BOAC.BC,0,0,0.00
2025-10-23,BOAM.BC,0,0,0.00
2025-10-23,CABC.BC,0,0,0.00
2025-10-23,CFAC.BC,0,0,0.00
2025-10-23,CIAC.BC,0,0,0.00
2025-10-23,CIE.BC,0,0,0.00
2025-10-23,ECOC.BC,0,0,0.00
2025-10-23,ETIT.BC,0,0,0.00
2025-10-23,NEIC.BC,0,0,0.00
2025-10-23,NSBC.BC,0,0,0.00
2025-10-23,NTLC.BC,0,0,0.00
2025-10-23,ORGT.BC,0,0,0.00
2025-10-23,SABC.BC,0,0,0.00
2025-10-23,SCRC.BC,0,0,0.00
2025-10-23,SDCC.BC,0,0,0.00
2025-10-23,SDSC.BC,0,0,0.00
2025-10-23,SEMC.BC,0,0,0.00
2025-10-23,SGBC.BC,0,0,0.00
2025-10-23,SHEC.BC,0,0,0.00
2025-10-23,SIBC.BC,0,0,0.00
2025-10-23,SICC.BC,0,0,0.00
2025-10-23,SICB.BC,0,0,0.00
2025-10-23,SIVC.BC,0,0,0.00
2025-10-23,SLBC.BC,0,0,0.00
2025-10-23,SMBC.BC,0,0,0.00
2025-10-23,SNTS.BC,0,0,0.00
2025-10-23,SOGC.BC,0,0,0.00
2025-10-23,STAC.BC,0,0,0.00
2025-10-23,STBC.BC,0,0,0.00
2025-10-23,SVOC.BC,0,0,0.00
2025-10-23,ONTBF.BC,0,0,0.00
2025-10-23,PALC.BC,0,0,0.00
2025-10-23,PRSC.BC,0,0,0.00
2025-10-23,TTLC.BC,0,0,0.00
2025-10-23,TTLS.BC,0,0,0.00
2025-10-23,UNXC.BC,0,0,0.00
2025-10-23,FTSC.BC,0,0,0.00
2025-10-23,UNLC.BC,0,0,0.00
2025-10-23,BNBC.BC,0,0,0.00
2025-10-24,ABJC.BC,0,0,0.00
2025-10-24,BICC.BC,0,0,0.00
2025-10-24,BOAB.BC,0,0,0.00
2025-10-24,BOABF.BC,0,0,0.00
2025-10-24,BOAC.BC,0,0,0.00
2025-10-24,BOAM.BC,0,0,0.00
2025-10-24,CABC.BC,0,0,0.00
2025-10-24,CFAC.BC,0,0,0.00
2025-10-24,CIAC.BC,0,0,0.00
2025-10-24,CIE.BC,0,0,0.00
2025-10-24,ECOC.BC,0,0,0.00
2025-10-24,ETIT.BC,0,0,0.00
2025-10-24,NEIC.BC,0,0,0.00
2025-10-24,NSBC.BC,0,0,0.00
2025-10-24,NTLC.BC,0,0,0.00
2025-10-24,ORGT.BC,0,0,0.00
2025-10-24,SABC.BC,0,0,0.00
2025-10-24,SCRC.BC,0,0,0.00
2025-10-24,SDCC.BC,0,0,0.00
2025-10-24,SDSC.BC,0,0,0.00
2025-10-24,SEMC.BC,0,0,0.00
2025-10-24,SGBC.BC,0,0,0.00
2025-10-24,SHEC.BC,0,0,0.00
2025-10-24,SIBC.BC,0,0,0.00
2025-10-24,SICC.BC,0,0,0.00
2025-10-24,SICB.BC,0,0,0.00
2025-10-24,SIVC.BC,0,0,0.00
2025-10-24,SLBC.BC,0,0,0.00
2025-10-24,SMBC.BC,0,0,0.00
2025-10-24,SNTS.BC,0,0,0.00
2025-10-24,SOGC.BC,0,0,0.00
2025-10-24,STAC.BC,0,0,0.00
2025-10-24,STBC.BC,0,0,0.00
2025-10-24,SVOC.BC,0,0,0.00
2025-10-24,ONTBF.BC,0,0,0.00
2025-10-24,PALC.BC,0,0,0.00
2025-10-24,PRSC.BC,0,0,0.00
2025-10-24,TTLC.BC,0,0,0.00
2025-10-24,TTLS.BC,0,0,0.00
2025-10-24,UNXC.BC,0,0,0.00
2025-10-24,FTSC.BC,0,0,0.00
2025-10-24,UNLC.BC,0,0,0.00
2025-10-24,BNBC.BC,0,0,0.00
2025-10-27,ABJC.BC,0,0,0.00
2025-10-27,BICC.BC,0,0,0.00
2025-10-27,BOAB.BC,0,0,0.00
2025-10-27,BOABF.BC,0,0,0.00
2025-10-27,BOAC.BC,0,0,0.00
2025-10-27,BOAM.BC,0,0,0.00
2025-10-27,CABC.BC,0,0,0.00
2025-10-27,CFAC.BC,0,0,0.00
2025-10-27,CIAC.BC,0,0,0.00
2025-10-27,CIE.BC,0,0,0.00
2025-10-27,ECOC.BC,0,0,0.00
2025-10-27,ETIT.BC,0,0,0.00
2025-10-27,NEIC.BC,0,0,0.00
2025-10-27,NSBC.BC,0,0,0.00
2025-10-27,NTLC.BC,0,0,0.00
2025-10-27,ORGT.BC,0,0,0.00
2025-10-27,SABC.BC,0,0,0.00
2025-10-27,SCRC.BC,0,0,0.00
2025-10-27,SDCC.BC,0,0,0.00
2025-10-27,SDSC.BC,0,0,0.00
2025-10-27,SEMC.BC,0,0,0.00
2025-10-27,SGBC.BC,0,0,0.00
2025-10-27,SHEC.BC,0,0,0.00
2025-10-27,SIBC.BC,0,0,0.00
2025-10-27,SICC.BC,0,0,0.00
2025-10-27,SICB.BC,0,0,0.00
2025-10-27,SIVC.BC,0,0,0.00
2025-10-27,SLBC.BC,0,0,0.00
2025-10-27,SMBC.BC,0,0,0.00
2025-10-27,SNTS.BC,0,0,0.00
2025-10-27,SOGC.BC,0,0,0.00
2025-10-27,STAC.BC,0,0,0.00
2025-10-27,STBC.BC,0,0,0.00
2025-10-27,SVOC.BC,0,0,0.00
2025-10-27,ONTBF.BC,0,0,0.00
2025-10-27,PALC.BC,0,0,0.00
2025-10-27,PRSC.BC,0,0,0.00
2025-10-27,TTLC.BC,0,0,0.00
2025-10-27,TTLS.BC,0,0,0.00
2025-10-27,UNXC.BC,0,0,0.00
2025-10-27,FTSC.BC,0,0,0.00
2025-10-27,UNLC.BC,0,0,0.00
2025-10-27,BNBC.BC,0,0,0.00
2025-10-28,ABJC.BC,0,0,0.00
2025-10-28,BICC.BC,0,0,0.00
2025-10-28,BOAB.BC,0,0,0.00
2025-10-28,BOABF.BC,0,0,0.00
2025-10-28,BOAC.BC,0,0,0.00
2025-10-28,BOAM.BC,0,0,0.00
2025-10-28,CABC.BC,0,0,0.00
2025-10-28,CFAC.BC,0,0,0.00
2025-10-28,CIAC.BC,0,0,0.00
2025-10-28,CIE.BC,0,0,0.00
2025-10-28,ECOC.BC,0,0,0.00
2025-10-28,ETIT.BC,0,0,0.00
2025-10-28,NEIC.BC,0,0,0.00
2025-10-28,NSBC.BC,0,0,0.00
2025-10-28,NTLC.BC,0,0,0.00
2025-10-28,ORGT.BC,0,0,0.00
2025-10-28,SABC.BC,0,0,0.00
2025-10-28,SCRC.BC,0,0,0.00
2025-10-28,SDCC.BC,0,0,0.00
2025-10-28,SDSC.BC,0,0,0.00
2025-10-28,SEMC.BC,0,0,0.00
2025-10-28,SGBC.BC,0,0,0.00
2025-10-28,SHEC.BC,0,0,0.00
2025-10-28,SIBC.BC,0,0,0.00
2025-10-28,SICC.BC,0,0,0.00
2025-10-28,SICB.BC,0,0,0.00
2025-10-28,SIVC.BC,0,0,0.00
2025-10-28,SLBC.BC,0,0,0.00
2025-10-28,SMBC.BC,0,0,0.00
2025-10-28,SNTS.BC,0,0,0.00
2025-10-28,SOGC.BC,0,0,0.00
2025-10-28,STAC.BC,0,0,0.00
2025-10-28,STBC.BC,0,0,0.00
2025-10-28,SVOC.BC,0,0,0.00
2025-10-28,ONTBF.BC,0,0,0.00
2025-10-28,PALC.BC,0,0,0.00
2025-10-28,PRSC.BC,0,0,0.00
2025-10-28,TTLC.BC,0,0,0.00
2025-10-28,TTLS.BC,0,0,0.00
2025-10-28,UNXC.BC,0,0,0.00
2025-10-28,FTSC.BC,0,0,0.00
2025-10-28,UNLC.BC,0,0,0.00
2025-10-28,BNBC.BC,0,0,0.00
2025-10-29,ABJC.BC,0,0,0.00
2025-10-29,BICC.BC,0,0,0.00
2025-10-29,BOAB.BC,0,0,0.00
2025-10-29,BOABF.BC,0,0,0.00
2025-10-29,BOAC.BC,0,0,0.00
2025-10-29,BOAM.BC,0,0,0.00
2025-10-29,CABC.BC,0,0,0.00
2025-10-29,CFAC.BC,0,0,0.00
2025-10-29,CIAC.BC,0,0,0.00
2025-10-29,CIE.BC,0,0,0.00
2025-10-29,ECOC.BC,0,0,0.00
2025-10-29,ETIT.BC,0,0,0.00
2025-10-29,NEIC.BC,0,0,0.00
2025-10-29,NSBC.BC,0,0,0.00
2025-10-29,NTLC.BC,0,0,0.00
2025-10-29,ORGT.BC,0,0,0.00
2025-10-29,SABC.BC,0,0,0.00
2025-10-29,SCRC.BC,0,0,0.00
2025-10-29,SDCC.BC,0,0,0.00
2025-10-29,SDSC.BC,0,0,0.00
2025-10-29,SEMC.BC,0,0,0.00
2025-10-29,SGBC.BC,0,0,0.00
2025-10-29,SHEC.BC,0,0,0.00
2025-10-29,SIBC.BC,0,0,0.00
2025-10-29,SICC.BC,0,0,0.00
2025-10-29,SICB.BC,0,0,0.00
2025-10-29,SIVC.BC,0,0,0.00
2025-10-29,SLBC.BC,0,0,0.00
2025-10-29,SMBC.BC,0,0,0.00
2025-10-29,SNTS.BC,0,0,0.00
2025-10-29,SOGC.BC,0,0,0.00
2025-10-29,STAC.BC,0,0,0.00
2025-10-29,STBC.BC,0,0,0.00
2025-10-29,SVOC.BC,0,0,0.00
2025-10-29,ONTBF.BC,0,0,0.00
2025-10-29,PALC.BC,0,0,0.00
2025-10-29,PRSC.BC,0,0,0.00
2025-10-29,TTLC.BC,0,0,0.00
2025-10-29,TTLS.BC,0,0,0.00
2025-10-29,UNXC.BC,0,0,0.00
2025-10-29,FTSC.BC,0,0,0.00
2025-10-29,UNLC.BC,0,0,0.00
2025-10-29,BNBC.BC,0,0,0.00
2025-10-30,ABJC.BC,0,0,0.00
2025-10-30,BICC.BC,0,0,0.00
2025-10-30,BOAB.BC,0,0,0.00
2025-10-30,BOABF.BC,0,0,0.00
2025-10-30,BOAC.BC,0,0,0.00
2025-10-30,BOAM.BC,0,0,0.00
2025-10-30,CABC.BC,0,0,0.00
2025-10-30,CFAC.BC,0,0,0.00
2025-10-30,CIAC.BC,0,0,0.00
2025-10-30,CIE.BC,0,0,0.00
2025-10-30,ECOC.BC,0,0,0.00
2025-10-30,ETIT.BC,0,0,0.00
2025-10-30,NEIC.BC,0,0,0.00
2025-10-30,NSBC.BC,0,0,0.00
2025-10-30,NTLC.BC,0,0,0.00
2025-10-30,ORGT.BC,0,0,0.00
2025-10-30,SABC.BC,0,0,0.00
2025-10-30,SCRC.BC,0,0,0.00
2025-10-30,SDCC.BC,0,0,0.00
2025-10-30,SDSC.BC,0,0,0.00
2025-10-30,SEMC.BC,0,0,0.00
2025-10-30,SGBC.BC,0,0,0.00
2025-10-30,SHEC.BC,0,0,0.00
2025-10-30,SIBC.BC,0,0,0.00
2025-10-30,SICC.BC,0,0,0.00
2025-10-30,SICB.BC,0,0,0.00
2025-10-30,SIVC.BC,0,0,0.00
2025-10-30,SLBC.BC,0,0,0.00
2025-10-30,SMBC.BC,0,0,0.00
2025-10-30,SNTS.BC,0,0,0.00
2025-10-30,SOGC.BC,0,0,0.00
2025-10-30,STAC.BC,0,0,0.00
2025-10-30,STBC.BC,0,0,0.00
2025-10-30,SVOC.BC,0,0,0.00
2025-10-30,ONTBF.BC,0,0,0.00
2025-10-30,PALC.BC,0,0,0.00
2025-10-30,PRSC.BC,0,0,0.00
2025-10-30,TTLC.BC,0,0,0.00
2025-10-30,TTLS.BC,0,0,0.00
2025-10-30,UNXC.BC,0,0,0.00
2025-10-30,FTSC.BC,0,0,0.00
2025-10-30,UNLC.BC,0,0,0.00
2025-10-30,BNBC.BC,0,0,0.00
2025-10-31,ABJC.BC,0,0,0.00
2025-10-31,BICC.BC,0,0,0.00
2025-10-31,BOAB.BC,0,0,0.00
2025-10-31,BOABF.BC,0,0,0.00
2025-10-31,BOAC.BC,0,0,0.00
2025-10-31,BOAM.BC,0,0,0.00
2025-10-31,CABC.BC,0,0,0.00
2025-10-31,CFAC.BC,0,0,0.00
2025-10-31,CIAC.BC,0,0,0.00
2025-10-31,CIE.BC,0,0,0.00
2025-10-31,ECOC.BC,0,0,0.00
2025-10-31,ETIT.BC,0,0,0.00
2025-10-31,NEIC.BC,0,0,0.00
2025-10-31,NSBC.BC,0,0,0.00
2025-10-31,NTLC.BC,0,0,0.00
2025-10-31,ORGT.BC,0,0,0.00
2025-10-31,SABC.BC,0,0,0.00
2025-10-31,SCRC.BC,0,0,0.00
2025-10-31,SDCC.BC,0,0,0.00
2025-10-31,SDSC.BC,0,0,0.00
2025-10-31,SEMC.BC,0,0,0.00
2025-10-31,SGBC.BC,0,0,0.00
2025-10-31,SHEC.BC,0,0,0.00
2025-10-31,SIBC.BC,0,0,0.00
2025-10-31,SICC.BC,0,0,0.00
2025-10-31,SICB.BC,0,0,0.00
2025-10-31,SIVC.BC,0,0,0.00
2025-10-31,SLBC.BC,0,0,0.00
2025-10-31,SMBC.BC,0,0,0.00
2025-10-31,SNTS.BC,0,0,0.00
2025-10-31,SOGC.BC,0,0,0.00
2025-10-31,STAC.BC,0,0,0.00
2025-10-31,STBC.BC,0,0,0.00
2025-10-31,SVOC.BC,0,0,0.00
2025-10-31,ONTBF.BC,0,0,0.00
2025-10-31,PALC.BC,0,0,0.00
2025-10-31,PRSC.BC,0,0,0.00
2025-10-31,TTLC.BC,0,0,0.00
2025-10-31,TTLS.BC,0,0,0.00
2025-10-31,UNXC.BC,0,0,0.00
2025-10-31,FTSC.BC,0,0,0.00
2025-10-31,UNLC.BC,0,0,0.00
2025-10-31,BNBC.BC,0,0,0.00
2025-11-03,ABJC.BC,0,0,0.00
2025-11-03,BICC.BC,0,0,0.00
2025-11-03,BOAB.BC,0,0,0.00
2025-11-03,BOABF.BC,0,0,0.00
2025-11-03,BOAC.BC,0,0,0.00
2025-11-03,BOAM.BC,0,0,0.00
2025-11-03,CABC.BC,0,0,0.00
2025-11-03,CFAC.BC,0,0,0.00
2025-11-03,CIAC.BC,0,0,0.00
2025-11-03,CIE.BC,0,0,0.00
2025-11-03,ECOC.BC,0,0,0.00
2025-11-03,ETIT.BC,0,0,0.00
2025-11-03,NEIC.BC,0,0,0.00
2025-11-03,NSBC.BC,0,0,0.00
2025-11-03,NTLC.BC,0,0,0.00
2025-11-03,ORGT.BC,0,0,0.00
2025-11-03,SABC.BC,0,0,0.00
2025-11-03,SCRC.BC,0,0,0.00
2025-11-03,SDCC.BC,0,0,0.00
2025-11-03,SDSC.BC,0,0,0.00
2025-11-03,SEMC.BC,0,0,0.00
2025-11-03,SGBC.BC,0,0,0.00
2025-11-03,SHEC.BC,0,0,0.00
2025-11-03,SIBC.BC,0,0,0.00
2025-11-03,SICC.BC,0,0,0.00
2025-11-03,SICB.BC,0,0,0.00
2025-11-03,SIVC.BC,0,0,0.00
2025-11-03,SLBC.BC,0,0,0.00
2025-11-03,SMBC.BC,0,0,0.00
2025-11-03,SNTS.BC,0,0,0.00
2025-11-03,SOGC.BC,0,0,0.00
2025-11-03,STAC.BC,0,0,0.00
2025-11-03,STBC.BC,0,0,0.00
2025-11-03,SVOC.BC,0,0,0.00
2025-11-03,ONTBF.BC,0,0,0.00
2025-11-03,PALC.BC,0,0,0.00
2025-11-03,PRSC.BC,0,0,0.00
2025-11-03,TTLC.BC,0,0,0.00
2025-11-03,TTLS.BC,0,0,0.00
2025-11-03,UNXC.BC,0,0,0.00
2025-11-03,FTSC.BC,0,0,0.00
2025-11-03,UNLC.BC,0,0,0.00
2025-11-03,BNBC.BC,0,0,0.00
2025-11-04,ABJC.BC,0,0,0.00
2025-11-04,BICC.BC,0,0,0.00
2025-11-04,BOAB.BC,0,0,0.00
2025-11-04,BOABF.BC,0,0,0.00
2025-11-04,BOAC.BC,0,0,0.00
2025-11-04,BOAM.BC,0,0,0.00
2025-11-04,CABC.BC,0,0,0.00
2025-11-04,CFAC.BC,0,0,0.00
2025-11-04,CIAC.BC,0,0,0.00
2025-11-04,CIE.BC,0,0,0.00
2025-11-04,ECOC.BC,0,0,0.00
2025-11-04,ETIT.BC,0,0,0.00
2025-11-04,NEIC.BC,0,0,0.00
2025-11-04,NSBC.BC,0,0,0.00
2025-11-04,NTLC.BC,0,0,0.00
2025-11-04,ORGT.BC,0,0,0.00
2025-11-04,SABC.BC,0,0,0.00
2025-11-04,SCRC.BC,0,0,0.00
2025-11-04,SDCC.BC,0,0,0.00
2025-11-04,SDSC.BC,0,0,0.00
2025-11-04,SEMC.BC,0,0,0.00
2025-11-04,SGBC.BC,0,0,0.00
2025-11-04,SHEC.BC,0,0,0.00
2025-11-04,SIBC.BC,0,0,0.00
2025-11-04,SICC.BC,0,0,0.00
2025-11-04,SICB.BC,0,0,0.00
2025-11-04,SIVC.BC,0,0,0.00
2025-11-04,SLBC.BC,0,0,0.00
2025-11-04,SMBC.BC,0,0,0.00
2025-11-04,SNTS.BC,0,0,0.00
2025-11-04,SOGC.BC,0,0,0.00
2025-11-04,STAC.BC,0,0,0.00
2025-11-04,STBC.BC,0,0,0.00
2025-11-04,SVOC.BC,0,0,0.00
2025-11-04,ONTBF.BC,0,0,0.00
2025-11-04,PALC.BC,0,0,0.00
2025-11-04,PRSC.BC,0,0,0.00
2025-11-04,TTLC.BC,0,0,0.00
2025-11-04,TTLS.BC,0,0,0.00
2025-11-04,UNXC.BC,0,0,0.00
2025-11-04,FTSC.BC,0,0,0.00
2025-11-04,UNLC.BC,0,0,0.00
2025-11-04,BNBC.BC,0,0,0.00
2025-11-05,ABJC.BC,0,0,0.00
2025-11-05,BICC.BC,0,0,0.00
2025-11-05,BOAB.BC,0,0,0.00
2025-11-05,BOABF.BC,0,0,0.00
2025-11-05,BOAC.BC,0,0,0.00
2025-11-05,BOAM.BC,0,0,0.00
2025-11-05,CABC.BC,0,0,0.00
2025-11-05,CFAC.BC,0,0,0.00
2025-11-05,CIAC.BC,0,0,0.00
2025-11-05,CIE.BC,0,0,0.00
2025-11-05,ECOC.BC,0,0,0.00
2025-11-05,ETIT.BC,0,0,0.00
2025-11-05,NEIC.BC,0,0,0.00
2025-11-05,NSBC.BC,0,0,0.00
2025-11-05,NTLC.BC,0,0,0.00
2025-11-05,ORGT.BC,0,0,0.00
2025-11-05,SABC.BC,0,0,0.00
2025-11-05,SCRC.BC,0,0,0.00
2025-11-05,SDCC.BC,0,0,0.00
2025-11-05,SDSC.BC,0,0,0.00
2025-11-05,SEMC.BC,0,0,0.00
2025-11-05,SGBC.BC,0,0,0.00
2025-11-05,SHEC.BC,0,0,0.00
2025-11-05,SIBC.BC,0,0,0.00
2025-11-05,SICC.BC,0,0,0.00
2025-11-05,SICB.BC,0,0,0.00
2025-11-05,SIVC.BC,0,0,0.00
2025-11-05,SLBC.BC,0,0,0.00
2025-11-05,SMBC.BC,0,0,0.00
2025-11-05,SNTS.BC,0,0,0.00
2025-11-05,SOGC.BC,0,0,0.00
2025-11-05,STAC.BC,0,0,0.00
2025-11-05,STBC.BC,0,0,0.00
2025-11-05,SVOC.BC,0,0,0.00
2025-11-05,ONTBF.BC,0,0,0.00
2025-11-05,PALC.BC,0,0,0.00
2025-11-05,PRSC.BC,0,0,0.00
2025-11-05,TTLC.BC,0,0,0.00
2025-11-05,TTLS.BC,0,0,0.00
2025-11-05,UNXC.BC,0,0,0.00
2025-11-05,FTSC.BC,0,0,0.00
2025-11-05,UNLC.BC,0,0,0.00
2025-11-05,BNBC.BC,0,0,0.00
2025-11-06,ABJC.BC,0,0,0.00
2025-11-06,BICC.BC,0,0,0.00
2025-11-06,BOAB.BC,0,0,0.00
2025-11-06,BOABF.BC,0,0,0.00
2025-11-06,BOAC.BC,0,0,0.00
2025-11-06,BOAM.BC,0,0,0.00
2025-11-06,CABC.BC,0,0,0.00
2025-11-06,CFAC.BC,0,0,0.00
2025-11-06,CIAC.BC,0,0,0.00
2025-11-06,CIE.BC,0,0,0.00
2025-11-06,ECOC.BC,0,0,0.00
2025-11-06,ETIT.BC,0,0,0.00
2025-11-06,NEIC.BC,0,0,0.00
2025-11-06,NSBC.BC,0,0,0.00
2025-11-06,NTLC.BC,0,0,0.00
2025-11-06,ORGT.BC,0,0,0.00
2025-11-06,SABC.BC,0,0,0.00
2025-11-06,SCRC.BC,0,0,0.00
2025-11-06,SDCC.BC,0,0,0.00
2025-11-06,SDSC.BC,0,0,0.00
2025-11-06,SEMC.BC,0,0,0.00
2025-11-06,SGBC.BC,0,0,0.00
2025-11-06,SHEC.BC,0,0,0.00
2025-11-06,SIBC.BC,0,0,0.00
2025-11-06,SICC.BC,0,0,0.00
2025-11-06,SICB.BC,0,0,0.00
2025-11-06,SIVC.BC,0,0,0.00
2025-11-06,SLBC.BC,0,0,0.00
2025-11-06,SMBC.BC,0,0,0.00
2025-11-06,SNTS.BC,0,0,0.00
2025-11-06,SOGC.BC,0,0,0.00
2025-11-06,STAC.BC,0,0,0.00
2025-11-06,STBC.BC,0,0,0.00
2025-11-06,SVOC.BC,0,0,0.00
2025-11-06,ONTBF.BC,0,0,0.00
2025-11-06,PALC.BC,0,0,0.00
2025-11-06,PRSC.BC,0,0,0.00
2025-11-06,TTLC.BC,0,0,0.00
2025-11-06,TTLS.BC,0,0,0.00
2025-11-06,UNXC.BC,0,0,0.00
2025-11-06,FTSC.BC,0,0,0.00
2025-11-06,UNLC.BC,0,0,0.00
2025-11-06,BNBC.BC,0,0,0.00
2025-11-07,ABJC.BC,0,0,0.00
2025-11-07,BICC.BC,0,0,0.00
2025-11-07,BOAB.BC,0,0,0.00
2025-11-07,BOABF.BC,0,0,0.00
2025-11-07,BOAC.BC,0,0,0.00
2025-11-07,BOAM.BC,0,0,0.00
2025-11-07,CABC.BC,0,0,0.00
2025-11-07,CFAC.BC,0,0,0.00
2025-11-07,CIAC.BC,0,0,0.00
2025-11-07,CIE.BC,0,0,0.00
2025-11-07,ECOC.BC,0,0,0.00
2025-11-07,ETIT.BC,0,0,0.00
2025-11-07,NEIC.BC,0,0,0.00
2025-11-07,NSBC.BC,0,0,0.00
2025-11-07,NTLC.BC,0,0,0.00
2025-11-07,ORGT.BC,0,0,0.00
2025-11-07,SABC.BC,0,0,0.00
2025-11-07,SCRC.BC,0,0,0.00
2025-11-07,SDCC.BC,0,0,0.00
2025-11-07,SDSC.BC,0,0,0.00
2025-11-07,SEMC.BC,0,0,0.00
2025-11-07,SGBC.BC,0,0,0.00
2025-11-07,SHEC.BC,0,0,0.00
2025-11-07,SIBC.BC,0,0,0.00
2025-11-07,SICC.BC,0,0,0.00
2025-11-07,SICB.BC,0,0,0.00
2025-11-07,SIVC.BC,0,0,0.00
2025-11-07,SLBC.BC,0,0,0.00
2025-11-07,SMBC.BC,0,0,0.00
2025-11-07,SNTS.BC,0,0,0.00
2025-11-07,SOGC.BC,0,0,0.00
2025-11-07,STAC.BC,0,0,0.00
2025-11-07,STBC.BC,0,0,0.00
2025-11-07,SVOC.BC,0,0,0.00
2025-11-07,ONTBF.BC,0,0,0.00
2025-11-07,PALC.BC,0,0,0.00
2025-11-07,PRSC.BC,0,0,0.00
2025-11-07,TTLC.BC,0,0,0.00
2025-11-07,TTLS.BC,0,0,0.00
2025-11-07,UNXC.BC,0,0,0.00
2025-11-07,FTSC.BC,0,0,0.00
2025-11-07,UNLC.BC,0,0,0.00
2025-11-07,BNBC.BC,0,0,0.00
2025-11-10,ABJC.BC,0,0,0.00
2025-11-10,BICC.BC,0,0,0.00
2025-11-10,BOAB.BC,0,0,0.00
2025-11-10,BOABF.BC,0,0,0.00
2025-11-10,BOAC.BC,0,0,0.00
2025-11-10,BOAM.BC,0,0,0.00
2025-11-10,CABC.BC,0,0,0.00
2025-11-10,CFAC.BC,0,0,0.00
2025-11-10,CIAC.BC,0,0,0.00
2025-11-10,CIE.BC,0,0,0.00
2025-11-10,ECOC.BC,0,0,0.00
2025-11-10,ETIT.BC,0,0,0.00
2025-11-10,NEIC.BC,0,0,0.00
2025-11-10,NSBC.BC,0,0,0.00
2025-11-10,NTLC.BC,0,0,0.00
2025-11-10,ORGT.BC,0,0,0.00
2025-11-10,SABC.BC,0,0,0.00
2025-11-10,SCRC.BC,0,0,0.00
2025-11-10,SDCC.BC,0,0,0.00
2025-11-10,SDSC.BC,0,0,0.00
2025-11-10,SEMC.BC,0,0,0.00
2025-11-10,SGBC.BC,0,0,0.00
2025-11-10,SHEC.BC,0,0,0.00
2025-11-10,SIBC.BC,0,0,0.00
2025-11-10,SICC.BC,0,0,0.00
2025-11-10,SICB.BC,0,0,0.00
2025-11-10,SIVC.BC,0,0,0.00
2025-11-10,SLBC.BC,0,0,0.00
2025-11-10,SMBC.BC,0,0,0.00
2025-11-10,SNTS.BC,0,0,0.00
2025-11-10,SOGC.BC,0,0,0.00
2025-11-10,STAC.BC,0,0,0.00
2025-11-10,STBC.BC,0,0,0.00
2025-11-10,SVOC.BC,0,0,0.00
2025-11-10,ONTBF.BC,0,0,0.00
2025-11-10,PALC.BC,0,0,0.00
2025-11-10,PRSC.BC,0,0,0.00
2025-11-10,TTLC.BC,0,0,0.00
2025-11-10,TTLS.BC,0,0,0.00
2025-11-10,UNXC.BC,0,0,0.00
2025-11-10,FTSC.BC,0,0,0.00
2025-11-10,UNLC.BC,0,0,0.00
2025-11-10,BNBC.BC,0,0,0.00
2025-11-11,ABJC.BC,0,0,0.00
2025-11-11,BICC.BC,0,0,0.00
2025-11-11,BOAB.BC,0,0,0.00
2025-11-11,BOABF.BC,0,0,0.00
2025-11-11,BOAC.BC,0,0,0.00
2025-11-11,BOAM.BC,0,0,0.00
2025-11-11,CABC.BC,0,0,0.00
2025-11-11,CFAC.BC,0,0,0.00
2025-11-11,CIAC.BC,0,0,0.00
2025-11-11,CIE.BC,0,0,0.00
2025-11-11,ECOC.BC,0,0,0.00
2025-11-11,ETIT.BC,0,0,0.00
2025-11-11,NEIC.BC,0,0,0.00
2025-11-11,NSBC.BC,0,0,0.00
2025-11-11,NTLC.BC,0,0,0.00
2025-11-11,ORGT.BC,0,0,0.00
2025-11-11,SABC.BC,0,0,0.00
2025-11-11,SCRC.BC,0,0,0.00
2025-11-11,SDCC.BC,0,0,0.00
2025-11-11,SDSC.BC,0,0,0.00
2025-11-11,SEMC.BC,0,0,0.00
2025-11-11,SGBC.BC,0,0,0.00
2025-11-11,SHEC.BC,0,0,0.00
2025-11-11,SIBC.BC,0,0,0.00
2025-11-11,SICC.BC,0,0,0.00
2025-11-11,SICB.BC,0,0,0.00
2025-11-11,SIVC.BC,0,0,0.00
2025-11-11,SLBC.BC,0,0,0.00
2025-11-11,SMBC.BC,0,0,0.00
2025-11-11,SNTS.BC,0,0,0.00
2025-11-11,SOGC.BC,0,0,0.00
2025-11-11,STAC.BC,0,0,0.00
2025-11-11,STBC.BC,0,0,0.00
2025-11-11,SVOC.BC,0,0,0.00
2025-11-11,ONTBF.BC,0,0,0.00
2025-11-11,PALC.BC,0,0,0.00
2025-11-11,PRSC.BC,0,0,0.00
2025-11-11,TTLC.BC,0,0,0.00
2025-11-11,TTLS.BC,0,0,0.00
2025-11-11,UNXC.BC,0,0,0.00
2025-11-11,FTSC.BC,0,0,0.00
2025-11-11,UNLC.BC,0,0,0.00
2025-11-11,BNBC.BC,0,0,0.00
2025-11-12,ABJC.BC,0,0,0.00
2025-11-12,BICC.BC,0,0,0.00
2025-11-12,BOAB.BC,0,0,0.00
2025-11-12,BOABF.BC,0,0,0.00
2025-11-12,BOAC.BC,0,0,0.00
2025-11-12,BOAM.BC,0,0,0.00
2025-11-12,CABC.BC,0,0,0.00
2025-11-12,CFAC.BC,0,0,0.00
2025-11-12,CIAC.BC,0,0,0.00
2025-11-12,CIE.BC,0,0,0.00
2025-11-12,ECOC.BC,0,0,0.00
2025-11-12,ETIT.BC,0,0,0.00
2025-11-12,NEIC.BC,0,0,0.00
2025-11-12,NSBC.BC,0,0,0.00
2025-11-12,NTLC.BC,0,0,0.00
2025-11-12,ORGT.BC,0,0,0.00
2025-11-12,SABC.BC,0,0,0.00
2025-11-12,SCRC.BC,0,0,0.00
2025-11-12,SDCC.BC,0,0,0.00
2025-11-12,SDSC.BC,0,0,0.00
2025-11-12,SEMC.BC,0,0,0.00
2025-11-12,SGBC.BC,0,0,0.00
2025-11-12,SHEC.BC,0,0,0.00
2025-11-12,SIBC.BC,0,0,0.00
2025-11-12,SICC.BC,0,0,0.00
2025-11-12,SICB.BC,0,0,0.00
2025-11-12,SIVC.BC,0,0,0.00
2025-11-12,SLBC.BC,0,0,0.00
2025-11-12,SMBC.BC,0,0,0.00
2025-11-12,SNTS.BC,0,0,0.00
2025-11-12,SOGC.BC,0,0,0.00
2025-11-12,STAC.BC,0,0,0.00
2025-11-12,STBC.BC,0,0,0.00
2025-11-12,SVOC.BC,0,0,0.00
2025-11-12,ONTBF.BC,0,0,0.00
2025-11-12,PALC.BC,0,0,0.00
2025-11-12,PRSC.BC,0,0,0.00
2025-11-12,TTLC.BC,0,0,0.00
2025-11-12,TTLS.BC,0,0,0.00
2025-11-12,UNXC.BC,0,0,0.00
2025-11-12,FTSC.BC,0,0,0.00
2025-11-12,UNLC.BC,0,0,0.00
2025-11-12,BNBC.BC,0,0,0.00
2025-11-13,ABJC.BC,0,0,0.00
2025-11-13,BICC.BC,0,0,0.00
2025-11-13,BOAB.BC,0,0,0.00
2025-11-13,BOABF.BC,0,0,0.00
2025-11-13,BOAC.BC,0,0,0.00
2025-11-13,BOAM.BC,0,0,0.00
2025-11-13,CABC.BC,0,0,0.00
2025-11-13,CFAC.BC,0,0,0.00
2025-11-13,CIAC.BC,0,0,0.00
2025-11-13,CIE.BC,0,0,0.00
2025-11-13,ECOC.BC,0,0,0.00
2025-11-13,ETIT.BC,0,0,0.00
2025-11-13,NEIC.BC,0,0,0.00
2025-11-13,NSBC.BC,0,0,0.00
2025-11-13,NTLC.BC,0,0,0.00
2025-11-13,ORGT.BC,0,0,0.00
2025-11-13,SABC.BC,0,0,0.00
2025-11-13,SCRC.BC,0,0,0.00
2025-11-13,SDCC.BC,0,0,0.00
2025-11-13,SDSC.BC,0,0,0.00
2025-11-13,SEMC.BC,0,0,0.00
2025-11-13,SGBC.BC,0,0,0.00
2025-11-13,SHEC.BC,0,0,0.00
2025-11-13,SIBC.BC,0,0,0.00
2025-11-13,SICC.BC,0,0,0.00
2025-11-13,SICB.BC,0,0,0.00
2025-11-13,SIVC.BC,0,0,0.00
2025-11-13,SLBC.BC,0,0,0.00
2025-11-13,SMBC.BC,0,0,0.00
2025-11-13,SNTS.BC,0,0,0.00
2025-11-13,SOGC.BC,0,0,0.00
2025-11-13,STAC.BC,0,0,0.00
2025-11-13,STBC.BC,0,0,0.00
2025-11-13,SVOC.BC,0,0,0.00
2025-11-13,ONTBF.BC,0,0,0.00
2025-11-13,PALC.BC,0,0,0.00
2025-11-13,PRSC.BC,0,0,0.00
2025-11-13,TTLC.BC,0,0,0.00
2025-11-13,TTLS.BC,0,0,0.00
2025-11-13,UNXC.BC,0,0,0.00
2025-11-13,FTSC.BC,0,0,0.00
2025-11-13,UNLC.BC,0,0,0.00
2025-11-13,BNBC.BC,0,0,0.00
2025-11-14,ABJC.BC,0,0,0.00
2025-11-14,BICC.BC,0,0,0.00
2025-11-14,BOAB.BC,0,0,0.00
2025-11-14,BOABF.BC,0,0,0.00
2025-11-14,BOAC.BC,0,0,0.00
2025-11-14,BOAM.BC,0,0,0.00
2025-11-14,CABC.BC,0,0,0.00
2025-11-14,CFAC.BC,0,0,0.00
2025-11-14,CIAC.BC,0,0,0.00
2025-11-14,CIE.BC,0,0,0.00
2025-11-14,ECOC.BC,0,0,0.00
2025-11-14,ETIT.BC,0,0,0.00
2025-11-14,NEIC.BC,0,0,0.00
2025-11-14,NSBC.BC,0,0,0.00
2025-11-14,NTLC.BC,0,0,0.00
2025-11-14,ORGT.BC,0,0,0.00
2025-11-14,SABC.BC,0,0,0.00
2025-11-14,SCRC.BC,0,0,0.00
2025-11-14,SDCC.BC,0,0,0.00
2025-11-14,SDSC.BC,0,0,0.00
2025-11-14,SEMC.BC,0,0,0.00
2025-11-14,SGBC.BC,0,0,0.00
2025-11-14,SHEC.BC,0,0,0.00
2025-11-14,SIBC.BC,0,0,0.00
2025-11-14,SICC.BC,0,0,0.00
2025-11-14,SICB.BC,0,0,0.00
2025-11-14,SIVC.BC,0,0,0.00
2025-11-14,SLBC.BC,0,0,0.00
2025-11-14,SMBC.BC,0,0,0.00
2025-11-14,SNTS.BC,0,0,0.00
2025-11-14,SOGC.BC,0,0,0.00
2025-11-14,STAC.BC,0,0,0.00
2025-11-14,STBC.BC,0,0,0.00
2025-11-14,SVOC.BC,0,0,0.00
2025-11-14,ONTBF.BC,0,0,0.00
2025-11-14,PALC.BC,0,0,0.00
2025-11-14,PRSC.BC,0,0,0.00
2025-11-14,TTLC.BC,0,0,0.00
2025-11-14,TTLS.BC,0,0,0.00
2025-11-14,UNXC.BC,0,0,0.00
2025-11-14,FTSC.BC,0,0,0.00
2025-11-14,UNLC.BC,0,0,0.00
2025-11-14,BNBC.BC,0,0,0.00
2025-11-17,ABJC.BC,0,0,0.00
2025-11-17,BICC.BC,0,0,0.00
2025-11-17,BOAB.BC,0,0,0.00
2025-11-17,BOABF.BC,0,0,0.00
2025-11-17,BOAC.BC,0,0,0.00
2025-11-17,BOAM.BC,0,0,0.00
2025-11-17,CABC.BC,0,0,0.00
2025-11-17,CFAC.BC,0,0,0.00
2025-11-17,CIAC.BC,0,0,0.00
2025-11-17,CIE.BC,0,0,0.00
2025-11-17,ECOC.BC,0,0,0.00
2025-11-17,ETIT.BC,0,0,0.00
2025-11-17,NEIC.BC,0,0,0.00
2025-11-17,NSBC.BC,0,0,0.00
2025-11-17,NTLC.BC,0,0,0.00
2025-11-17,ORGT.BC,0,0,0.00
2025-11-17,SABC.BC,0,0,0.00
2025-11-17,SCRC.BC,0,0,0.00
2025-11-17,SDCC.BC,0,0,0.00
2025-11-17,SDSC.BC,0,0,0.00
2025-11-17,SEMC.BC,0,0,0.00
2025-11-17,SGBC.BC,0,0,0.00
2025-11-17,SHEC.BC,0,0,0.00
2025-11-17,SIBC.BC,0,0,0.00
2025-11-17,SICC.BC,0,0,0.00
2025-11-17,SICB.BC,0,0,0.00
2025-11-17,SIVC.BC,0,0,0.00
2025-11-17,SLBC.BC,0,0,0.00
2025-11-17,SMBC.BC,0,0,0.00
2025-11-17,SNTS.BC,0,0,0.00
2025-11-17,SOGC.BC,0,0,0.00
2025-11-17,STAC.BC,0,0,0.00
2025-11-17,STBC.BC,0,0,0.00
2025-11-17,SVOC.BC,0,0,0.00
2025-11-17,ONTBF.BC,0,0,0.00
2025-11-17,PALC.BC,0,0,0.00
2025-11-17,PRSC.BC,0,0,0.00
2025-11-17,TTLC.BC,0,0,0.00
2025-11-17,TTLS.BC,0,0,0.00
2025-11-17,UNXC.BC,0,0,0.00
2025-11-17,FTSC.BC,0,0,0.00
2025-11-17,UNLC.BC,0,0,0.00
2025-11-17,BNBC.BC,0,0,0.00
2025-11-18,ABJC.BC,0,0,0.00
2025-11-18,BICC.BC,0,0,0.00
2025-11-18,BOAB.BC,0,0,0.00
2025-11-18,BOABF.BC,0,0,0.00
2025-11-18,BOAC.BC,0,0,0.00
2025-11-18,BOAM.BC,0,0,0.00
2025-11-18,CABC.BC,0,0,0.00
2025-11-18,CFAC.BC,0,0,0.00
2025-11-18,CIAC.BC,0,0,0.00
2025-11-18,CIE.BC,0,0,0.00
2025-11-18,ECOC.BC,0,0,0.00
2025-11-18,ETIT.BC,0,0,0.00
2025-11-18,NEIC.BC,0,0,0.00
2025-11-18,NSBC.BC,0,0,0.00
2025-11-18,NTLC.BC,0,0,0.00
2025-11-18,ORGT.BC,0,0,0.00
2025-11-18,SABC.BC,0,0,0.00
2025-11-18,SCRC.BC,0,0,0.00
2025-11-18,SDCC.BC,0,0,0.00
2025-11-18,SDSC.BC,0,0,0.00
2025-11-18,SEMC.BC,0,0,0.00
2025-11-18,SGBC.BC,0,0,0.00
2025-11-18,SHEC.BC,0,0,0.00
2025-11-18,SIBC.BC,0,0,0.00
2025-11-18,SICC.BC,0,0,0.00
2025-11-18,SICB.BC,0,0,0.00
2025-11-18,SIVC.BC,0,0,0.00
2025-11-18,SLBC.BC,0,0,0.00
2025-11-18,SMBC.BC,0,0,0.00
2025-11-18,SNTS.BC,0,0,0.00
2025-11-18,SOGC.BC,0,0,0.00
2025-11-18,STAC.BC,0,0,0.00
2025-11-18,STBC.BC,0,0,0.00
2025-11-18,SVOC.BC,0,0,0.00
2025-11-18,ONTBF.BC,0,0,0.00
2025-11-18,PALC.BC,0,0,0.00
2025-11-18,PRSC.BC,0,0,0.00
2025-11-18,TTLC.BC,0,0,0.00
2025-11-18,TTLS.BC,0,0,0.00
2025-11-18,UNXC.BC,0,0,0.00
2025-11-18,FTSC.BC,0,0,0.00
2025-11-18,UNLC.BC,0,0,0.00
2025-11-18,BNBC.BC,0,0,0.00
2025-11-19,ABJC.BC,0,0,0.00
2025-11-19,BICC.BC,0,0,0.00
2025-11-19,BOAB.BC,0,0,0.00
2025-11-19,BOABF.BC,0,0,0.00
2025-11-19,BOAC.BC,0,0,0.00
2025-11-19,BOAM.BC,0,0,0.00
2025-11-19,CABC.BC,0,0,0.00
2025-11-19,CFAC.BC,0,0,0.00
2025-11-19,CIAC.BC,0,0,0.00
2025-11-19,CIE.BC,0,0,0.00
2025-11-19,ECOC.BC,0,0,0.00
2025-11-19,ETIT.BC,0,0,0.00
2025-11-19,NEIC.BC,0,0,0.00
2025-11-19,NSBC.BC,0,0,0.00
2025-11-19,NTLC.BC,0,0,0.00
2025-11-19,ORGT.BC,0,0,0.00
2025-11-19,SABC.BC,0,0,0.00
2025-11-19,SCRC.BC,0,0,0.00
2025-11-19,SDCC.BC,0,0,0.00
2025-11-19,SDSC.BC,0,0,0.00
2025-11-19,SEMC.BC,0,0,0.00
2025-11-19,SGBC.BC,0,0,0.00
2025-11-19,SHEC.BC,0,0,0.00
2025-11-19,SIBC.BC,0,0,0.00
2025-11-19,SICC.BC,0,0,0.00
2025-11-19,SICB.BC,0,0,0.00
2025-11-19,SIVC.BC,0,0,0.00
2025-11-19,SLBC.BC,0,0,0.00
2025-11-19,SMBC.BC,0,0,0.00
2025-11-19,SNTS.BC,0,0,0.00
2025-11-19,SOGC.BC,0,0,0.00
2025-11-19,STAC.BC,0,0,0.00
2025-11-19,STBC.BC,0,0,0.00
2025-11-19,SVOC.BC,0,0,0.00
2025-11-19,ONTBF.BC,0,0,0.00
2025-11-19,PALC.BC,0,0,0.00
2025-11-19,PRSC.BC,0,0,0.00
2025-11-19,TTLC.BC,0,0,0.00
2025-11-19,TTLS.BC,0,0,0.00
2025-11-19,UNXC.BC,0,0,0.00
2025-11-19,FTSC.BC,0,0,0.00
2025-11-19,UNLC.BC,0,0,0.00
2025-11-19,BNBC.BC,0,0,0.00
2025-11-20,ABJC.BC,0,0,0.00
2025-11-20,BICC.BC,0,0,0.00
2025-11-20,BOAB.BC,0,0,0.00
2025-11-20,BOABF.BC,0,0,0.00
2025-11-20,BOAC.BC,0,0,0.00
2025-11-20,BOAM.BC,0,0,0.00
2025-11-20,CABC.BC,0,0,0.00
2025-11-20,CFAC.BC,0,0,0.00
2025-11-20,CIAC.BC,0,0,0.00
2025-11-20,CIE.BC,0,0,0.00
2025-11-20,ECOC.BC,0,0,0.00
2025-11-20,ETIT.BC,0,0,0.00
2025-11-20,NEIC.BC,0,0,0.00
2025-11-20,NSBC.BC,0,0,0.00
2025-11-20,NTLC.BC,0,0,0.00
2025-11-20,ORGT.BC,0,0,0.00
2025-11-20,SABC.BC,0,0,0.00
2025-11-20,SCRC.BC,0,0,0.00
2025-11-20,SDCC.BC,0,0,0.00
2025-11-20,SDSC.BC,0,0,0.00
2025-11-20,SEMC.BC,0,0,0.00
2025-11-20,SGBC.BC,0,0,0.00
2025-11-20,SHEC.BC,0,0,0.00
2025-11-20,SIBC.BC,0,0,0.00
2025-11-20,SICC.BC,0,0,0.00
2025-11-20,SICB.BC,0,0,0.00
2025-11-20,SIVC.BC,0,0,0.00
2025-11-20,SLBC.BC,0,0,0.00
2025-11-20,SMBC.BC,0,0,0.00
2025-11-20,SNTS.BC,0,0,0.00
2025-11-20,SOGC.BC,0,0,0.00
2025-11-20,STAC.BC,0,0,0.00
2025-11-20,STBC.BC,0,0,0.00
2025-11-20,SVOC.BC,0,0,0.00
2025-11-20,ONTBF.BC,0,0,0.00
2025-11-20,PALC.BC,0,0,0.00
2025-11-20,PRSC.BC,0,0,0.00
2025-11-20,TTLC.BC,0,0,0.00
2025-11-20,TTLS.BC,0,0,0.00
2025-11-20,UNXC.BC,0,0,0.00
2025-11-20,FTSC.BC,0,0,0.00
2025-11-20,UNLC.BC,0,0,0.00
2025-11-20,BNBC.BC,0,0,0.00
2025-11-21,ABJC.BC,0,0,0.00
2025-11-21,BICC.BC,0,0,0.00
2025-11-21,BOAB.BC,0,0,0.00
2025-11-21,BOABF.BC,0,0,0.00
2025-11-21,BOAC.BC,0,0,0.00
2025-11-21,BOAM.BC,0,0,0.00
2025-11-21,CABC.BC,0,0,0.00
2025-11-21,CFAC.BC,0,0,0.00
2025-11-21,CIAC.BC,0,0,0.00
2025-11-21,CIE.BC,0,0,0.00
2025-11-21,ECOC.BC,0,0,0.00
2025-11-21,ETIT.BC,0,0,0.00
2025-11-21,NEIC.BC,0,0,0.00
2025-11-21,NSBC.BC,0,0,0.00
2025-11-21,NTLC.BC,0,0,0.00
2025-11-21,ORGT.BC,0,0,0.00
2025-11-21,SABC.BC,0,0,0.00
2025-11-21,SCRC.BC,0,0,0.00
2025-11-21,SDCC.BC,0,0,0.00
2025-11-21,SDSC.BC,0,0,0.00
2025-11-21,SEMC.BC,0,0,0.00
2025-11-21,SGBC.BC,0,0,0.00
2025-11-21,SHEC.BC,0,0,0.00
2025-11-21,SIBC.BC,0,0,0.00
2025-11-21,SICC.BC,0,0,0.00
2025-11-21,SICB.BC,0,0,0.00
2025-11-21,SIVC.BC,0,0,0.00
2025-11-21,SLBC.BC,0,0,0.00
2025-11-21,SMBC.BC,0,0,0.00
2025-11-21,SNTS.BC,0,0,0.00
2025-11-21,SOGC.BC,0,0,0.00
2025-11-21,STAC.BC,0,0,0.00
2025-11-21,STBC.BC,0,0,0.00
2025-11-21,SVOC.BC,0,0,0.00
2025-11-21,ONTBF.BC,0,0,0.00
2025-11-21,PALC.BC,0,0,0.00
2025-11-21,PRSC.BC,0,0,0.00
2025-11-21,TTLC.BC,0,0,0.00
2025-11-21,TTLS.BC,0,0,0.00
2025-11-21,UNXC.BC,0,0,0.00
2025-11-21,FTSC.BC,0,0,0.00
2025-11-21,UNLC.BC,0,0,0.00
2025-11-21,BNBC.BC,0,0,0.00
2025-11-24,ABJC.BC,0,0,0.00
2025-11-24,BICC.BC,0,0,0.00
2025-11-24,BOAB.BC,0,0,0.00
2025-11-24,BOABF.BC,0,0,0.00
2025-11-24,BOAC.BC,0,0,0.00
2025-11-24,BOAM.BC,0,0,0.00
2025-11-24,CABC.BC,0,0,0.00
2025-11-24,CFAC.BC,0,0,0.00
2025-11-24,CIAC.BC,0,0,0.00
2025-11-24,CIE.BC,0,0,0.00
2025-11-24,ECOC.BC,0,0,0.00
2025-11-24,ETIT.BC,0,0,0.00
2025-11-24,NEIC.BC,0,0,0.00
2025-11-24,NSBC.BC,0,0,0.00
2025-11-24,NTLC.BC,0,0,0.00
2025-11-24,ORGT.BC,0,0,0.00
2025-11-24,SABC.BC,0,0,0.00
2025-11-24,SCRC.BC,0,0,0.00
2025-11-24,SDCC.BC,0,0,0.00
2025-11-24,SDSC.BC,0,0,0.00
2025-11-24,SEMC.BC,0,0,0.00
2025-11-24,SGBC.BC,0,0,0.00
2025-11-24,SHEC.BC,0,0,0.00
2025-11-24,SIBC.BC,0,0,0.00
2025-11-24,SICC.BC,0,0,0.00
2025-11-24,SICB.BC,0,0,0.00
2025-11-24,SIVC.BC,0,0,0.00
2025-11-24,SLBC.BC,0,0,0.00
2025-11-24,SMBC.BC,0,0,0.00
2025-11-24,SNTS.BC,0,0,0.00
2025-11-24,SOGC.BC,0,0,0.00
2025-11-24,STAC.BC,0,0,0.00
2025-11-24,STBC.BC,0,0,0.00
2025-11-24,SVOC.BC,0,0,0.00
2025-11-24,ONTBF.BC,0,0,0.00
2025-11-24,PALC.BC,0,0,0.00
2025-11-24,PRSC.BC,0,0,0.00
2025-11-24,TTLC.BC,0,0,0.00
2025-11-24,TTLS.BC,0,0,0.00
2025-11-24,UNXC.BC,0,0,0.00
2025-11-24,FTSC.BC,0,0,0.00
2025-11-24,UNLC.BC,0,0,0.00
2025-11-24,BNBC.BC,0,0,0.00
2025-11-25,ABJC.BC,0,0,0.00
2025-11-25,BICC.BC,0,0,0.00
2025-11-25,BOAB.BC,0,0,0.00
2025-11-25,BOABF.BC,0,0,0.00
2025-11-25,BOAC.BC,0,0,0.00
2025-11-25,BOAM.BC,0,0,0.00
2025-11-25,CABC.BC,0,0,0.00
2025-11-25,CFAC.BC,0,0,0.00
2025-11-25,CIAC.BC,0,0,0.00
2025-11-25,CIE.BC,0,0,0.00
2025-11-25,ECOC.BC,0,0,0.00
2025-11-25,ETIT.BC,0,0,0.00
2025-11-25,NEIC.BC,0,0,0.00
2025-11-25,NSBC.BC,0,0,0.00
2025-11-25,NTLC.BC,0,0,0.00
2025-11-25,ORGT.BC,0,0,0.00
2025-11-25,SABC.BC,0,0,0.00
2025-11-25,SCRC.BC,0,0,0.00
2025-11-25,SDCC.BC,0,0,0.00
2025-11-25,SDSC.BC,0,0,0.00
2025-11-25,SEMC.BC,0,0,0.00
2025-11-25,SGBC.BC,0,0,0.00
2025-11-25,SHEC.BC,0,0,0.00
2025-11-25,SIBC.BC,0,0,0.00
2025-11-25,SICC.BC,0,0,0.00
2025-11-25,SICB.BC,0,0,0.00
2025-11-25,SIVC.BC,0,0,0.00
2025-11-25,SLBC.BC,0,0,0.00
2025-11-25,SMBC.BC,0,0,0.00
2025-11-25,SNTS.BC,0,0,0.00
2025-11-25,SOGC.BC,0,0,0.00
2025-11-25,STAC.BC,0,0,0.00
2025-11-25,STBC.BC,0,0,0.00
2025-11-25,SVOC.BC,0,0,0.00
2025-11-25,ONTBF.BC,0,0,0.00
2025-11-25,PALC.BC,0,0,0.00
2025-11-25,PRSC.BC,0,0,0.00
2025-11-25,TTLC.BC,0,0,0.00
2025-11-25,TTLS.BC,0,0,0.00
2025-11-25,UNXC.BC,0,0,0.00
2025-11-25,FTSC.BC,0,0,0.00
2025-11-25,UNLC.BC,0,0,0.00
2025-11-25,BNBC.BC,0,0,0.00
2025-11-26,ABJC.BC,0,0,0.00
2025-11-26,BICC.BC,0,0,0.00
2025-11-26,BOAB.BC,0,0,0.00
2025-11-26,BOABF.BC,0,0,0.00
2025-11-26,BOAC.BC,0,0,0.00
2025-11-26,BOAM.BC,0,0,0.00
2025-11-26,CABC.BC,0,0,0.00
2025-11-26,CFAC.BC,0,0,0.00
2025-11-26,CIAC.BC,0,0,0.00
2025-11-26,CIE.BC,0,0,0.00
2025-11-26,ECOC.BC,0,0,0.00
2025-11-26,ETIT.BC,0,0,0.00
2025-11-26,NEIC.BC,0,0,0.00
2025-11-26,NSBC.BC,0,0,0.00
2025-11-26,NTLC.BC,0,0,0.00
2025-11-26,ORGT.BC,0,0,0.00
2025-11-26,SABC.BC,0,0,0.00
2025-11-26,SCRC.BC,0,0,0.00
2025-11-26,SDCC.BC,0,0,0.00
2025-11-26,SDSC.BC,0,0,0.00
2025-11-26,SEMC.BC,0,0,0.00
2025-11-26,SGBC.BC,0,0,0.00
2025-11-26,SHEC.BC,0,0,0.00
2025-11-26,SIBC.BC,0,0,0.00
2025-11-26,SICC.BC,0,0,0.00
2025-11-26,SICB.BC,0,0,0.00
2025-11-26,SIVC.BC,0,0,0.00
2025-11-26,SLBC.BC,0,0,0.00
2025-11-26,SMBC.BC,0,0,0.00
2025-11-26,SNTS.BC,0,0,0.00
2025-11-26,SOGC.BC,0,0,0.00
2025-11-26,STAC.BC,0,0,0.00
2025-11-26,STBC.BC,0,0,0.00
2025-11-26,SVOC.BC,0,0,0.00
2025-11-26,ONTBF.BC,0,0,0.00
2025-11-26,PALC.BC,0,0,0.00
2025-11-26,PRSC.BC,0,0,0.00
2025-11-26,TTLC.BC,0,0,0.00
2025-11-26,TTLS.BC,0,0,0.00
2025-11-26,UNXC.BC,0,0,0.00
2025-11-26,FTSC.BC,0,0,0.00
2025-11-26,UNLC.BC,0,0,0.00
2025-11-26,BNBC.BC,0,0,0.00
2025-11-27,ABJC.BC,0,0,0.00
2025-11-27,BICC.BC,0,0,0.00
2025-11-27,BOAB.BC,0,0,0.00
2025-11-27,BOABF.BC,0,0,0.00
2025-11-27,BOAC.BC,0,0,0.00
2025-11-27,BOAM.BC,0,0,0.00
2025-11-27,CABC.BC,0,0,0.00
2025-11-27,CFAC.BC,0,0,0.00
2025-11-27,CIAC.BC,0,0,0.00
2025-11-27,CIE.BC,0,0,0.00
2025-11-27,ECOC.BC,0,0,0.00
2025-11-27,ETIT.BC,0,0,0.00
2025-11-27,NEIC.BC,0,0,0.00
2025-11-27,NSBC.BC,0,0,0.00
2025-11-27,NTLC.BC,0,0,0.00
2025-11-27,ORGT.BC,0,0,0.00
2025-11-27,SABC.BC,0,0,0.00
2025-11-27,SCRC.BC,0,0,0.00
2025-11-27,SDCC.BC,0,0,0.00
2025-11-27,SDSC.BC,0,0,0.00
2025-11-27,SEMC.BC,0,0,0.00
2025-11-27,SGBC.BC,0,0,0.00
2025-11-27,SHEC.BC,0,0,0.00
2025-11-27,SIBC.BC,0,0,0.00
2025-11-27,SICC.BC,0,0,0.00
2025-11-27,SICB.BC,0,0,0.00
2025-11-27,SIVC.BC,0,0,0.00
2025-11-27,SLBC.BC,0,0,0.00
2025-11-27,SMBC.BC,0,0,0.00
2025-11-27,SNTS.BC,0,0,0.00
2025-11-27,SOGC.BC,0,0,0.00
2025-11-27,STAC.BC,0,0,0.00
2025-11-27,STBC.BC,0,0,0.00
2025-11-27,SVOC.BC,0,0,0.00
2025-11-27,ONTBF.BC,0,0,0.00
2025-11-27,PALC.BC,0,0,0.00
2025-11-27,PRSC.BC,0,0,0.00
2025-11-27,TTLC.BC,0,0,0.00
2025-11-27,TTLS.BC,0,0,0.00
2025-11-27,UNXC.BC,0,0,0.00
2025-11-27,FTSC.BC,0,0,0.00
2025-11-27,UNLC.BC,0,0,0.00
2025-11-27,BNBC.BC,0,0,0.00
2025-11-28,ABJC.BC,0,0,0.00
2025-11-28,BICC.BC,0,0,0.00
2025-11-28,BOAB.BC,0,0,0.00
2025-11-28,BOABF.BC,0,0,0.00
2025-11-28,BOAC.BC,0,0,0.00
2025-11-28,BOAM.BC,0,0,0.00
2025-11-28,CABC.BC,0,0,0.00
2025-11-28,CFAC.BC,0,0,0.00
2025-11-28,CIAC.BC,0,0,0.00
2025-11-28,CIE.BC,0,0,0.00
2025-11-28,ECOC.BC,0,0,0.00
2025-11-28,ETIT.BC,0,0,0.00
2025-11-28,NEIC.BC,0,0,0.00
2025-11-28,NSBC.BC,0,0,0.00
2025-11-28,NTLC.BC,0,0,0.00
2025-11-28,ORGT.BC,0,0,0.00
2025-11-28,SABC.BC,0,0,0.00
2025-11-28,SCRC.BC,0,0,0.00
2025-11-28,SDCC.BC,0,0,0.00
2025-11-28,SDSC.BC,0,0,0.00
2025-11-28,SEMC.BC,0,0,0.00
2025-11-28,SGBC.BC,0,0,0.00
2025-11-28,SHEC.BC,0,0,0.00
2025-11-28,SIBC.BC,0,0,0.00
2025-11-28,SICC.BC,0,0,0.00
2025-11-28,SICB.BC,0,0,0.00
2025-11-28,SIVC.BC,0,0,0.00
2025-11-28,SLBC.BC,0,0,0.00
2025-11-28,SMBC.BC,0,0,0.00
2025-11-28,SNTS.BC,0,0,0.00
2025-11-28,SOGC.BC,0,0,0.00
2025-11-28,STAC.BC,0,0,0.00
2025-11-28,STBC.BC,0,0,0.00
2025-11-28,SVOC.BC,0,0,0.00
2025-11-28,ONTBF.BC,0,0,0.00
2025-11-28,PALC.BC,0,0,0.00
2025-11-28,PRSC.BC,0,0,0.00
2025-11-28,TTLC.BC,0,0,0.00
2025-11-28,TTLS.BC,0,0,0.00
2025-11-28,UNXC.BC,0,0,0.00
2025-11-28,FTSC.BC,0,0,0.00
2025-11-28,UNLC.BC,0,0,0.00
2025-11-28,BNBC.BC,0,0,0.00
2025-12-01,ABJC.BC,0,0,0.00
2025-12-01,BICC.BC,0,0,0.00
2025-12-01,BOAB.BC,0,0,0.00
2025-12-01,BOABF.BC,0,0,0.00
2025-12-01,BOAC.BC,0,0,0.00
2025-12-01,BOAM.BC,0,0,0.00
2025-12-01,CABC.BC,0,0,0.00
2025-12-01,CFAC.BC,0,0,0.00
2025-12-01,CIAC.BC,0,0,0.00
2025-12-01,CIE.BC,0,0,0.00
2025-12-01,ECOC.BC,0,0,0.00
2025-12-01,ETIT.BC,0,0,0.00
2025-12-01,NEIC.BC,0,0,0.00
2025-12-01,NSBC.BC,0,0,0.00
2025-12-01,NTLC.BC,0,0,0.00
2025-12-01,ORGT.BC,0,0,0.00
2025-12-01,SABC.BC,0,0,0.00
2025-12-01,SCRC.BC,0,0,0.00
2025-12-01,SDCC.BC,0,0,0.00
2025-12-01,SDSC.BC,0,0,0.00
2025-12-01,SEMC.BC,0,0,0.00
2025-12-01,SGBC.BC,0,0,0.00
2025-12-01,SHEC.BC,0,0,0.00
2025-12-01,SIBC.BC,0,0,0.00
2025-12-01,SICC.BC,0,0,0.00
2025-12-01,SICB.BC,0,0,0.00
2025-12-01,SIVC.BC,0,0,0.00
2025-12-01,SLBC.BC,0,0,0.00
2025-12-01,SMBC.BC,0,0,0.00
2025-12-01,SNTS.BC,0,0,0.00
2025-12-01,SOGC.BC,0,0,0.00
2025-12-01,STAC.BC,0,0,0.00
2025-12-01,STBC.BC,0,0,0.00
2025-12-01,SVOC.BC,0,0,0.00
2025-12-01,ONTBF.BC,0,0,0.00
2025-12-01,PALC.BC,0,0,0.00
2025-12-01,PRSC.BC,0,0,0.00
2025-12-01,TTLC.BC,0,0,0.00
2025-12-01,TTLS.BC,0,0,0.00
2025-12-01,UNXC.BC,0,0,0.00
2025-12-01,FTSC.BC,0,0,0.00
2025-12-01,UNLC.BC,0,0,0.00
2025-12-01,BNBC.BC,0,0,0.00
2025-12-02,ABJC.BC,0,0,0.00
2025-12-02,BICC.BC,0,0,0.00
2025-12-02,BOAB.BC,0,0,0.00
2025-12-02,BOABF.BC,0,0,0.00
2025-12-02,BOAC.BC,0,0,0.00
2025-12-02,BOAM.BC,0,0,0.00
2025-12-02,CABC.BC,0,0,0.00
2025-12-02,CFAC.BC,0,0,0.00
2025-12-02,CIAC.BC,0,0,0.00
2025-12-02,CIE.BC,0,0,0.00
2025-12-02,ECOC.BC,0,0,0.00
2025-12-02,ETIT.BC,0,0,0.00
2025-12-02,NEIC.BC,0,0,0.00
2025-12-02,NSBC.BC,0,0,0.00
2025-12-02,NTLC.BC,0,0,0.00
2025-12-02,ORGT.BC,0,0,0.00
2025-12-02,SABC.BC,0,0,0.00
2025-12-02,SCRC.BC,0,0,0.00
2025-12-02,SDCC.BC,0,0,0.00
2025-12-02,SDSC.BC,0,0,0.00
2025-12-02,SEMC.BC,0,0,0.00
2025-12-02,SGBC.BC,0,0,0.00
2025-12-02,SHEC.BC,0,0,0.00
2025-12-02,SIBC.BC,0,0,0.00
2025-12-02,SICC.BC,0,0,0.00
2025-12-02,SICB.BC,0,0,0.00
2025-12-02,SIVC.BC,0,0,0.00
2025-12-02,SLBC.BC,0,0,0.00
2025-12-02,SMBC.BC,0,0,0.00
2025-12-02,SNTS.BC,0,0,0.00
2025-12-02,SOGC.BC,0,0,0.00
2025-12-02,STAC.BC,0,0,0.00
2025-12-02,STBC.BC,0,0,0.00
2025-12-02,SVOC.BC,0,0,0.00
2025-12-02,ONTBF.BC,0,0,0.00
2025-12-02,PALC.BC,0,0,0.00
2025-12-02,PRSC.BC,0,0,0.00
2025-12-02,TTLC.BC,0,0,0.00
2025-12-02,TTLS.BC,0,0,0.00
2025-12-02,UNXC.BC,0,0,0.00
2025-12-02,FTSC.BC,0,0,0.00
2025-12-02,UNLC.BC,0,0,0.00
2025-12-02,BNBC.BC,0,0,0.00
2025-12-03,ABJC.BC,0,0,0.00
2025-12-03,BICC.BC,0,0,0.00
2025-12-03,BOAB.BC,0,0,0.00
2025-12-03,BOABF.BC,0,0,0.00
2025-12-03,BOAC.BC,0,0,0.00
2025-12-03,BOAM.BC,0,0,0.00
2025-12-03,CABC.BC,0,0,0.00
2025-12-03,CFAC.BC,0,0,0.00
2025-12-03,CIAC.BC,0,0,0.00
2025-12-03,CIE.BC,0,0,0.00
2025-12-03,ECOC.BC,0,0,0.00
2025-12-03,ETIT.BC,0,0,0.00
2025-12-03,NEIC.BC,0,0,0.00
2025-12-03,NSBC.BC,0,0,0.00
2025-12-03,NTLC.BC,0,0,0.00
2025-12-03,ORGT.BC,0,0,0.00
2025-12-03,SABC.BC,0,0,0.00
2025-12-03,SCRC.BC,0,0,0.00
2025-12-03,SDCC.BC,0,0,0.00
2025-12-03,SDSC.BC,0,0,0.00
2025-12-03,SEMC.BC,0,0,0.00
2025-12-03,SGBC.BC,0,0,0.00
2025-12-03,SHEC.BC,0,0,0.00
2025-12-03,SIBC.BC,0,0,0.00
2025-12-03,SICC.BC,0,0,0.00
2025-12-03,SICB.BC,0,0,0.00
2025-12-03,SIVC.BC,0,0,0.00
2025-12-03,SLBC.BC,0,0,0.00
2025-12-03,SMBC.BC,0,0,0.00
2025-12-03,SNTS.BC,0,0,0.00
2025-12-03,SOGC.BC,0,0,0.00
2025-12-03,STAC.BC,0,0,0.00
2025-12-03,STBC.BC,0,0,0.00
2025-12-03,SVOC.BC,0,0,0.00
2025-12-03,ONTBF.BC,0,0,0.00
2025-12-03,PALC.BC,0,0,0.00
2025-12-03,PRSC.BC,0,0,0.00
2025-12-03,TTLC.BC,0,0,0.00
2025-12-03,TTLS.BC,0,0,0.00
2025-12-03,UNXC.BC,0,0,0.00
2025-12-03,FTSC.BC,0,0,0.00
2025-12-03,UNLC.BC,0,0,0.00
2025-12-03,BNBC.BC,0,0,0.00
2025-12-04,ABJC.BC,0,0,0.00
2025-12-04,BICC.BC,0,0,0.00
2025-12-04,BOAB.BC,0,0,0.00
2025-12-04,BOABF.BC,0,0,0.00
2025-12-04,BOAC.BC,0,0,0.00
2025-12-04,BOAM.BC,0,0,0.00
2025-12-04,CABC.BC,0,0,0.00
2025-12-04,CFAC.BC,0,0,0.00
2025-12-04,CIAC.BC,0,0,0.00
2025-12-04,CIE.BC,0,0,0.00
2025-12-04,ECOC.BC,0,0,0.00
2025-12-04,ETIT.BC,0,0,0.00
2025-12-04,NEIC.BC,0,0,0.00
2025-12-04,NSBC.BC,0,0,0.00
2025-12-04,NTLC.BC,0,0,0.00
2025-12-04,ORGT.BC,0,0,0.00
2025-12-04,SABC.BC,0,0,0.00
2025-12-04,SCRC.BC,0,0,0.00
2025-12-04,SDCC.BC,0,0,0.00
2025-12-04,SDSC.BC,0,0,0.00
2025-12-04,SEMC.BC,0,0,0.00
2025-12-04,SGBC.BC,0,0,0.00
2025-12-04,SHEC.BC,0,0,0.00
2025-12-04,SIBC.BC,0,0,0.00
2025-12-04,SICC.BC,0,0,0.00
2025-12-04,SICB.BC,0,0,0.00
2025-12-04,SIVC.BC,0,0,0.00
2025-12-04,SLBC.BC,0,0,0.00
2025-12-04,SMBC.BC,0,0,0.00
2025-12-04,SNTS.BC,0,0,0.00
2025-12-04,SOGC.BC,0,0,0.00
2025-12-04,STAC.BC,0,0,0.00
2025-12-04,STBC.BC,0,0,0.00
2025-12-04,SVOC.BC,0,0,0.00
2025-12-04,ONTBF.BC,0,0,0.00
2025-12-04,PALC.BC,0,0,0.00
2025-12-04,PRSC.BC,0,0,0.00
2025-12-04,TTLC.BC,0,0,0.00
2025-12-04,TTLS.BC,0,0,0.00
2025-12-04,UNXC.BC,0,0,0.00
2025-12-04,FTSC.BC,0,0,0.00
2025-12-04,UNLC.BC,0,0,0.00
2025-12-04,BNBC.BC,0,0,0.00
2025-12-05,ABJC.BC,0,0,0.00
2025-12-05,BICC.BC,0,0,0.00
2025-12-05,BOAB.BC,0,0,0.00
2025-12-05,BOABF.BC,0,0,0.00
2025-12-05,BOAC.BC,0,0,0.00
2025-12-05,BOAM.BC,0,0,0.00
2025-12-05,CABC.BC,0,0,0.00
2025-12-05,CFAC.BC,0,0,0.00
2025-12-05,CIAC.BC,0,0,0.00
2025-12-05,CIE.BC,0,0,0.00
2025-12-05,ECOC.BC,0,0,0.00
2025-12-05,ETIT.BC,0,0,0.00
2025-12-05,NEIC.BC,0,0,0.00
2025-12-05,NSBC.BC,0,0,0.00
2025-12-05,NTLC.BC,0,0,0.00
2025-12-05,ORGT.BC,0,0,0.00
2025-12-05,SABC.BC,0,0,0.00
2025-12-05,SCRC.BC,0,0,0.00
2025-12-05,SDCC.BC,0,0,0.00
2025-12-05,SDSC.BC,0,0,0.00
2025-12-05,SEMC.BC,0,0,0.00
2025-12-05,SGBC.BC,0,0,0.00
2025-12-05,SHEC.BC,0,0,0.00
2025-12-05,SIBC.BC,0,0,0.00
2025-12-05,SICC.BC,0,0,0.00
2025-12-05,SICB.BC,0,0,0.00
2025-12-05,SIVC.BC,0,0,0.00
2025-12-05,SLBC.BC,0,0,0.00
2025-12-05,SMBC.BC,0,0,0.00
2025-12-05,SNTS.BC,0,0,0.00
2025-12-05,SOGC.BC,0,0,0.00
2025-12-05,STAC.BC,0,0,0.00
2025-12-05,STBC.BC,0,0,0.00
2025-12-05,SVOC.BC,0,0,0.00
2025-12-05,ONTBF.BC,0,0,0.00
2025-12-05,PALC.BC,0,0,0.00
2025-12-05,PRSC.BC,0,0,0.00
2025-12-05,TTLC.BC,0,0,0.00
2025-12-05,TTLS.BC,0,0,0.00
2025-12-05,UNXC.BC,0,0,0.00
2025-12-05,FTSC.BC,0,0,0.00
2025-12-05,UNLC.BC,0,0,0.00
2025-12-05,BNBC.BC,0,0,0.00
2025-12-08,ABJC.BC,0,0,0.00
2025-12-08,BICC.BC,0,0,0.00
2025-12-08,BOAB.BC,0,0,0.00
2025-12-08,BOABF.BC,0,0,0.00
2025-12-08,BOAC.BC,0,0,0.00
2025-12-08,BOAM.BC,0,0,0.00
2025-12-08,CABC.BC,0,0,0.00
2025-12-08,CFAC.BC,0,0,0.00
2025-12-08,CIAC.BC,0,0,0.00
2025-12-08,CIE.BC,0,0,0.00
2025-12-08,ECOC.BC,0,0,0.00
2025-12-08,ETIT.BC,0,0,0.00
2025-12-08,NEIC.BC,0,0,0.00
2025-12-08,NSBC.BC,0,0,0.00
2025-12-08,NTLC.BC,0,0,0.00
2025-12-08,ORGT.BC,0,0,0.00
2025-12-08,SABC.BC,0,0,0.00
2025-12-08,SCRC.BC,0,0,0.00
2025-12-08,SDCC.BC,0,0,0.00
2025-12-08,SDSC.BC,0,0,0.00
2025-12-08,SEMC.BC,0,0,0.00
2025-12-08,SGBC.BC,0,0,0.00
2025-12-08,SHEC.BC,0,0,0.00
2025-12-08,SIBC.BC,0,0,0.00
2025-12-08,SICC.BC,0,0,0.00
2025-12-08,SICB.BC,0,0,0.00
2025-12-08,SIVC.BC,0,0,0.00
2025-12-08,SLBC.BC,0,0,0.00
2025-12-08,SMBC.BC,0,0,0.00
2025-12-08,SNTS.BC,0,0,0.00
2025-12-08,SOGC.BC,0,0,0.00
2025-12-08,STAC.BC,0,0,0.00
2025-12-08,STBC.BC,0,0,0.00
2025-12-08,SVOC.BC,0,0,0.00
2025-12-08,ONTBF.BC,0,0,0.00
2025-12-08,PALC.BC,0,0,0.00
2025-12-08,PRSC.BC,0,0,0.00
2025-12-08,TTLC.BC,0,0,0.00
2025-12-08,TTLS.BC,0,0,0.00
2025-12-08,UNXC.BC,0,0,0.00
2025-12-08,FTSC.BC,0,0,0.00
2025-12-08,UNLC.BC,0,0,0.00
2025-12-08,BNBC.BC,0,0,0.00
2025-12-09,ABJC.BC,0,0,0.00
2025-12-09,BICC.BC,0,0,0.00
2025-12-09,BOAB.BC,0,0,0.00
2025-12-09,BOABF.BC,0,0,0.00
2025-12-09,BOAC.BC,0,0,0.00
2025-12-09,BOAM.BC,0,0,0.00
2025-12-09,CABC.BC,0,0,0.00
2025-12-09,CFAC.BC,0,0,0.00
2025-12-09,CIAC.BC,0,0,0.00
2025-12-09,CIE.BC,0,0,0.00
2025-12-09,ECOC.BC,0,0,0.00
2025-12-09,ETIT.BC,0,0,0.00
2025-12-09,NEIC.BC,0,0,0.00
2025-12-09,NSBC.BC,0,0,0.00
2025-12-09,NTLC.BC,0,0,0.00
2025-12-09,ORGT.BC,0,0,0.00
2025-12-09,SABC.BC,0,0,0.00
2025-12-09,SCRC.BC,0,0,0.00
2025-12-09,SDCC.BC,0,0,0.00
2025-12-09,SDSC.BC,0,0,0.00
2025-12-09,SEMC.BC,0,0,0.00
2025-12-09,SGBC.BC,0,0,0.00
2025-12-09,SHEC.BC,0,0,0.00
2025-12-09,SIBC.BC,0,0,0.00
2025-12-09,SICC.BC,0,0,0.00
2025-12-09,SICB.BC,0,0,0.00
2025-12-09,SIVC.BC,0,0,0.00
2025-12-09,SLBC.BC,0,0,0.00
2025-12-09,SMBC.BC,0,0,0.00
2025-12-09,SNTS.BC,0,0,0.00
2025-12-09,SOGC.BC,0,0,0.00
2025-12-09,STAC.BC,0,0,0.00
2025-12-09,STBC.BC,0,0,0.00
2025-12-09,SVOC.BC,0,0,0.00
2025-12-09,ONTBF.BC,0,0,0.00
2025-12-09,PALC.BC,0,0,0.00
2025-12-09,PRSC.BC,0,0,0.00
2025-12-09,TTLC.BC,0,0,0.00
2025-12-09,TTLS.BC,0,0,0.00
2025-12-09,UNXC.BC,0,0,0.00
2025-12-09,FTSC.BC,0,0,0.00
2025-12-09,UNLC.BC,0,0,0.00
2025-12-09,BNBC.BC,0,0,0.00
2025-12-10,ABJC.BC,0,0,0.00
2025-12-10,BICC.BC,0,0,0.00
2025-12-10,BOAB.BC,0,0,0.00
2025-12-10,BOABF.BC,0,0,0.00
2025-12-10,BOAC.BC,0,0,0.00
2025-12-10,BOAM.BC,0,0,0.00
2025-12-10,CABC.BC,0,0,0.00
2025-12-10,CFAC.BC,0,0,0.00
2025-12-10,CIAC.BC,0,0,0.00
2025-12-10,CIE.BC,0,0,0.00
2025-12-10,ECOC.BC,0,0,0.00
2025-12-10,ETIT.BC,0,0,0.00
2025-12-10,NEIC.BC,0,0,0.00
2025-12-10,NSBC.BC,0,0,0.00
2025-12-10,NTLC.BC,0,0,0.00
2025-12-10,ORGT.BC,0,0,0.00
2025-12-10,SABC.BC,0,0,0.00
2025-12-10,SCRC.BC,0,0,0.00
2025-12-10,SDCC.BC,0,0,0.00
2025-12-10,SDSC.BC,0,0,0.00
2025-12-10,SEMC.BC,0,0,0.00
2025-12-10,SGBC.BC,0,0,0.00
2025-12-10,SHEC.BC,0,0,0.00
2025-12-10,SIBC.BC,0,0,0.00
2025-12-10,SICC.BC,0,0,0.00
2025-12-10,SICB.BC,0,0,0.00
2025-12-10,SIVC.BC,0,0,0.00
2025-12-10,SLBC.BC,0,0,0.00
2025-12-10,SMBC.BC,0,0,0.00
2025-12-10,SNTS.BC,0,0,0.00
2025-12-10,SOGC.BC,0,0,0.00
2025-12-10,STAC.BC,0,0,0.00
2025-12-10,STBC.BC,0,0,0.00
2025-12-10,SVOC.BC,0,0,0.00
2025-12-10,ONTBF.BC,0,0,0.00
2025-12-10,PALC.BC,0,0,0.00
2025-12-10,PRSC.BC,0,0,0.00
2025-12-10,TTLC.BC,0,0,0.00
2025-12-10,TTLS.BC,0,0,0.00
2025-12-10,UNXC.BC,0,0,0.00
2025-12-10,FTSC.BC,0,0,0.00
2025-12-10,UNLC.BC,0,0,0.00
2025-12-10,BNBC.BC,0,0,0.00
2025-12-11,ABJC.BC,0,0,0.00
2025-12-11,BICC.BC,0,0,0.00
2025-12-11,BOAB.BC,0,0,0.00
2025-12-11,BOABF.BC,0,0,0.00
2025-12-11,BOAC.BC,0,0,0.00
2025-12-11,BOAM.BC,0,0,0.00
2025-12-11,CABC.BC,0,0,0.00
2025-12-11,CFAC.BC,0,0,0.00
2025-12-11,CIAC.BC,0,0,0.00
2025-12-11,CIE.BC,0,0,0.00
2025-12-11,ECOC.BC,0,0,0.00
2025-12-11,ETIT.BC,0,0,0.00
2025-12-11,NEIC.BC,0,0,0.00
2025-12-11,NSBC.BC,0,0,0.00
2025-12-11,NTLC.BC,0,0,0.00
2025-12-11,ORGT.BC,0,0,0.00
2025-12-11,SABC.BC,0,0,0.00
2025-12-11,SCRC.BC,0,0,0.00
2025-12-11,SDCC.BC,0,0,0.00
2025-12-11,SDSC.BC,0,0,0.00
2025-12-11,SEMC.BC,0,0,0.00
2025-12-11,SGBC.BC,0,0,0.00
2025-12-11,SHEC.BC,0,0,0.00
2025-12-11,SIBC.BC,0,0,0.00
2025-12-11,SICC.BC,0,0,0.00
2025-12-11,SICB.BC,0,0,0.00
2025-12-11,SIVC.BC,0,0,0.00
2025-12-11,SLBC.BC,0,0,0.00
2025-12-11,SMBC.BC,0,0,0.00
2025-12-11,SNTS.BC,0,0,0.00
2025-12-11,SOGC.BC,0,0,0.00
2025-12-11,STAC.BC,0,0,0.00
2025-12-11,STBC.BC,0,0,0.00
2025-12-11,SVOC.BC,0,0,0.00
2025-12-11,ONTBF.BC,0,0,0.00
2025-12-11,PALC.BC,0,0,0.00
2025-12-11,PRSC.BC,0,0,0.00
2025-12-11,TTLC.BC,0,0,0.00
2025-12-11,TTLS.BC,0,0,0.00
2025-12-11,UNXC.BC,0,0,0.00
2025-12-11,FTSC.BC,0,0,0.00
2025-12-11,UNLC.BC,0,0,0.00
2025-12-11,BNBC.BC,0,0,0.00
2025-12-12,ABJC.BC,0,0,0.00
2025-12-12,BICC.BC,0,0,0.00
2025-12-12,BOAB.BC,0,0,0.00
2025-12-12,BOABF.BC,0,0,0.00
2025-12-12,BOAC.BC,0,0,0.00
2025-12-12,BOAM.BC,0,0,0.00
2025-12-12,CABC.BC,0,0,0.00
2025-12-12,CFAC.BC,0,0,0.00
2025-12-12,CIAC.BC,0,0,0.00
2025-12-12,CIE.BC,0,0,0.00
2025-12-12,ECOC.BC,0,0,0.00
2025-12-12,ETIT.BC,0,0,0.00
2025-12-12,NEIC.BC,0,0,0.00
2025-12-12,NSBC.BC,0,0,0.00
2025-12-12,NTLC.BC,0,0,0.00
2025-12-12,ORGT.BC,0,0,0.00
2025-12-12,SABC.BC,0,0,0.00
2025-12-12,SCRC.BC,0,0,0.00
2025-12-12,SDCC.BC,0,0,0.00
2025-12-12,SDSC.BC,0,0,0.00
2025-12-12,SEMC.BC,0,0,0.00
2025-12-12,SGBC.BC,0,0,0.00
2025-12-12,SHEC.BC,0,0,0.00
2025-12-12,SIBC.BC,0,0,0.00
2025-12-12,SICC.BC,0,0,0.00
2025-12-12,SICB.BC,0,0,0.00
2025-12-12,SIVC.BC,0,0,0.00
2025-12-12,SLBC.BC,0,0,0.00
2025-12-12,SMBC.BC,0,0,0.00
2025-12-12,SNTS.BC,0,0,0.00
2025-12-12,SOGC.BC,0,0,0.00
2025-12-12,STAC.BC,0,0,0.00
2025-12-12,STBC.BC,0,0,0.00
2025-12-12,SVOC.BC,0,0,0.00
2025-12-12,ONTBF.BC,0,0,0.00
2025-12-12,PALC.BC,0,0,0.00
2025-12-12,PRSC.BC,0,0,0.00
2025-12-12,TTLC.BC,0,0,0.00
2025-12-12,TTLS.BC,0,0,0.00
2025-12-12,UNXC.BC,0,0,0.00
2025-12-12,FTSC.BC,0,0,0.00
2025-12-12,UNLC.BC,0,0,0.00
2025-12-12,BNBC.BC,0,0,0.00
2025-12-15,ABJC.BC,0,0,0.00
2025-12-15,BICC.BC,0,0,0.00
2025-12-15,BOAB.BC,0,0,0.00
2025-12-15,BOABF.BC,0,0,0.00
2025-12-15,BOAC.BC,0,0,0.00
2025-12-15,BOAM.BC,0,0,0.00
2025-12-15,CABC.BC,0,0,0.00
2025-12-15,CFAC.BC,0,0,0.00
2025-12-15,CIAC.BC,0,0,0.00
2025-12-15,CIE.BC,0,0,0.00
2025-12-15,ECOC.BC,0,0,0.00
2025-12-15,ETIT.BC,0,0,0.00
2025-12-15,NEIC.BC,0,0,0.00
2025-12-15,NSBC.BC,0,0,0.00
2025-12-15,NTLC.BC,0,0,0.00
2025-12-15,ORGT.BC,0,0,0.00
2025-12-15,SABC.BC,0,0,0.00
2025-12-15,SCRC.BC,0,0,0.00
2025-12-15,SDCC.BC,0,0,0.00
2025-12-15,SDSC.BC,0,0,0.00
2025-12-15,SEMC.BC,0,0,0.00
2025-12-15,SGBC.BC,0,0,0.00
2025-12-15,SHEC.BC,0,0,0.00
2025-12-15,SIBC.BC,0,0,0.00
2025-12-15,SICC.BC,0,0,0.00
2025-12-15,SICB.BC,0,0,0.00
2025-12-15,SIVC.BC,0,0,0.00
2025-12-15,SLBC.BC,0,0,0.00
2025-12-15,SMBC.BC,0,0,0.00
2025-12-15,SNTS.BC,0,0,0.00
2025-12-15,SOGC.BC,0,0,0.00
2025-12-15,STAC.BC,0,0,0.00
2025-12-15,STBC.BC,0,0,0.00
2025-12-15,SVOC.BC,0,0,0.00
2025-12-15,ONTBF.BC,0,0,0.00
2025-12-15,PALC.BC,0,0,0.00
2025-12-15,PRSC.BC,0,0,0.00
2025-12-15,TTLC.BC,0,0,0.00
2025-12-15,TTLS.BC,0,0,0.00
2025-12-15,UNXC.BC,0,0,0.00
2025-12-15,FTSC.BC,0,0,0.00
2025-12-15,UNLC.BC,0,0,0.00
2025-12-15,BNBC.BC,0,0,0.00
2025-12-16,ABJC.BC,0,0,0.00
2025-12-16,BICC.BC,0,0,0.00
2025-12-16,BOAB.BC,0,0,0.00
2025-12-16,BOABF.BC,0,0,0.00
2025-12-16,BOAC.BC,0,0,0.00
2025-12-16,BOAM.BC,0,0,0.00
2025-12-16,CABC.BC,0,0,0.00
2025-12-16,CFAC.BC,0,0,0.00
2025-12-16,CIAC.BC,0,0,0.00
2025-12-16,CIE.BC,0,0,0.00
2025-12-16,ECOC.BC,0,0,0.00
2025-12-16,ETIT.BC,0,0,0.00
2025-12-16,NEIC.BC,0,0,0.00
2025-12-16,NSBC.BC,0,0,0.00
2025-12-16,NTLC.BC,0,0,0.00
2025-12-16,ORGT.BC,0,0,0.00
2025-12-16,SABC.BC,0,0,0.00
2025-12-16,SCRC.BC,0,0,0.00
2025-12-16,SDCC.BC,0,0,0.00
2025-12-16,SDSC.BC,0,0,0.00
2025-12-16,SEMC.BC,0,0,0.00
2025-12-16,SGBC.BC,0,0,0.00
2025-12-16,SHEC.BC,0,0,0.00
2025-12-16,SIBC.BC,0,0,0.00
2025-12-16,SICC.BC,0,0,0.00
2025-12-16,SICB.BC,0,0,0.00
2025-12-16,SIVC.BC,0,0,0.00
2025-12-16,SLBC.BC,0,0,0.00
2025-12-16,SMBC.BC,0,0,0.00
2025-12-16,SNTS.BC,0,0,0.00
2025-12-16,SOGC.BC,0,0,0.00
2025-12-16,STAC.BC,0,0,0.00
2025-12-16,STBC.BC,0,0,0.00
2025-12-16,SVOC.BC,0,0,0.00
2025-12-16,ONTBF.BC,0,0,0.00
2025-12-16,PALC.BC,0,0,0.00
2025-12-16,PRSC.BC,0,0,0.00
2025-12-16,TTLC.BC,0,0,0.00
2025-12-16,TTLS.BC,0,0,0.00
2025-12-16,UNXC.BC,0,0,0.00
2025-12-16,FTSC.BC,0,0,0.00
2025-12-16,UNLC.BC,0,0,0.00
2025-12-16,BNBC.BC,0,0,0.00
2025-12-17,ABJC.BC,0,0,0.00
2025-12-17,BICC.BC,0,0,0.00
2025-12-17,BOAB.BC,0,0,0.00
2025-12-17,BOABF.BC,0,0,0.00
2025-12-17,BOAC.BC,0,0,0.00
2025-12-17,BOAM.BC,0,0,0.00
2025-12-17,CABC.BC,0,0,0.00
2025-12-17,CFAC.BC,0,0,0.00
2025-12-17,CIAC.BC,0,0,0.00
2025-12-17,CIE.BC,0,0,0.00
2025-12-17,ECOC.BC,0,0,0.00
2025-12-17,ETIT.BC,0,0,0.00
2025-12-17,NEIC.BC,0,0,0.00
2025-12-17,NSBC.BC,0,0,0.00
2025-12-17,NTLC.BC,0,0,0.00
2025-12-17,ORGT.BC,0,0,0.00
2025-12-17,SABC.BC,0,0,0.00
2025-12-17,SCRC.BC,0,0,0.00
2025-12-17,SDCC.BC,0,0,0.00
2025-12-17,SDSC.BC,0,0,0.00
2025-12-17,SEMC.BC,0,0,0.00
2025-12-17,SGBC.BC,0,0,0.00
2025-12-17,SHEC.BC,0,0,0.00
2025-12-17,SIBC.BC,0,0,0.00
2025-12-17,SICC.BC,0,0,0.00
2025-12-17,SICB.BC,0,0,0.00
2025-12-17,SIVC.BC,0,0,0.00
2025-12-17,SLBC.BC,0,0,0.00
2025-12-17,SMBC.BC,0,0,0.00
2025-12-17,SNTS.BC,0,0,0.00
2025-12-17,SOGC.BC,0,0,0.00
2025-12-17,STAC.BC,0,0,0.00
2025-12-17,STBC.BC,0,0,0.00
2025-12-17,SVOC.BC,0,0,0.00
2025-12-17,ONTBF.BC,0,0,0.00
2025-12-17,PALC.BC,0,0,0.00
2025-12-17,PRSC.BC,0,0,0.00
2025-12-17,TTLC.BC,0,0,0.00
2025-12-17,TTLS.BC,0,0,0.00
2025-12-17,UNXC.BC,0,0,0.00
2025-12-17,FTSC.BC,0,0,0.00
2025-12-17,UNLC.BC,0,0,0.00
2025-12-17,BNBC.BC,0,0,0.00
2025-12-18,ABJC.BC,0,0,0.00
2025-12-18,BICC.BC,0,0,0.00
2025-12-18,BOAB.BC,0,0,0.00
2025-12-18,BOABF.BC,0,0,0.00
2025-12-18,BOAC.BC,0,0,0.00
2025-12-18,BOAM.BC,0,0,0.00
2025-12-18,CABC.BC,0,0,0.00
2025-12-18,CFAC.BC,0,0,0.00
2025-12-18,CIAC.BC,0,0,0.00
2025-12-18,CIE.BC,0,0,0.00
2025-12-18,ECOC.BC,0,0,0.00
2025-12-18,ETIT.BC,0,0,0.00
2025-12-18,NEIC.BC,0,0,0.00
2025-12-18,NSBC.BC,0,0,0.00
2025-12-18,NTLC.BC,0,0,0.00
2025-12-18,ORGT.BC,0,0,0.00
2025-12-18,SABC.BC,0,0,0.00
2025-12-18,SCRC.BC,0,0,0.00
2025-12-18,SDCC.BC,0,0,0.00
2025-12-18,SDSC.BC,0,0,0.00
2025-12-18,SEMC.BC,0,0,0.00
2025-12-18,SGBC.BC,0,0,0.00
2025-12-18,SHEC.BC,0,0,0.00
2025-12-18,SIBC.BC,0,0,0.00
2025-12-18,SICC.BC,0,0,0.00
2025-12-18,SICB.BC,0,0,0.00
2025-12-18,SIVC.BC,0,0,0.00
2025-12-18,SLBC.BC,0,0,0.00
2025-12-18,SMBC.BC,0,0,0.00
2025-12-18,SNTS.BC,0,0,0.00
2025-12-18,SOGC.BC,0,0,0.00
2025-12-18,STAC.BC,0,0,0.00
2025-12-18,STBC.BC,0,0,0.00
2025-12-18,SVOC.BC,0,0,0.00
2025-12-18,ONTBF.BC,0,0,0.00
2025-12-18,PALC.BC,0,0,0.00
2025-12-18,PRSC.BC,0,0,0.00
2025-12-18,TTLC.BC,0,0,0.00
2025-12-18,TTLS.BC,0,0,0.00
2025-12-18,UNXC.BC,0,0,0.00
2025-12-18,FTSC.BC,0,0,0.00
2025-12-18,UNLC.BC,0,0,0.00
2025-12-18,BNBC.BC,0,0,0.00
2025-12-19,ABJC.BC,0,0,0.00
2025-12-19,BICC.BC,0,0,0.00
2025-12-19,BOAB.BC,0,0,0.00
2025-12-19,BOABF.BC,0,0,0.00
2025-12-19,BOAC.BC,0,0,0.00
2025-12-19,BOAM.BC,0,0,0.00
2025-12-19,CABC.BC,0,0,0.00
2025-12-19,CFAC.BC,0,0,0.00
2025-12-19,CIAC.BC,0,0,0.00
2025-12-19,CIE.BC,0,0,0.00
2025-12-19,ECOC.BC,0,0,0.00
2025-12-19,ETIT.BC,0,0,0.00
2025-12-19,NEIC.BC,0,0,0.00
2025-12-19,NSBC.BC,0,0,0.00
2025-12-19,NTLC.BC,0,0,0.00
2025-12-19,ORGT.BC,0,0,0.00
2025-12-19,SABC.BC,0,0,0.00
2025-12-19,SCRC.BC,0,0,0.00
2025-12-19,SDCC.BC,0,0,0.00
2025-12-19,SDSC.BC,0,0,0.00
2025-12-19,SEMC.BC,0,0,0.00
2025-12-19,SGBC.BC,0,0,0.00
2025-12-19,SHEC.BC,0,0,0.00
2025-12-19,SIBC.BC,0,0,0.00
2025-12-19,SICC.BC,0,0,0.00
2025-12-19,SICB.BC,0,0,0.00
2025-12-19,SIVC.BC,0,0,0.00
2025-12-19,SLBC.BC,0,0,0.00
2025-12-19,SMBC.BC,0,0,0.00
2025-12-19,SNTS.BC,0,0,0.00
2025-12-19,SOGC.BC,0,0,0.00
2025-12-19,STAC.BC,0,0,0.00
2025-12-19,STBC.BC,0,0,0.00
2025-12-19,SVOC.BC,0,0,0.00
2025-12-19,ONTBF.BC,0,0,0.00
2025-12-19,PALC.BC,0,0,0.00
2025-12-19,PRSC.BC,0,0,0.00
2025-12-19,TTLC.BC,0,0,0.00
2025-12-19,TTLS.BC,0,0,0.00
2025-12-19,UNXC.BC,0,0,0.00
2025-12-19,FTSC.BC,0,0,0.00
2025-12-19,UNLC.BC,0,0,0.00
2025-12-19,BNBC.BC,0,0,0.00
2025-12-22,ABJC.BC,0,0,0.00
2025-12-22,BICC.BC,0,0,0.00
2025-12-22,BOAB.BC,0,0,0.00
2025-12-22,BOABF.BC,0,0,0.00
2025-12-22,BOAC.BC,0,0,0.00
2025-12-22,BOAM.BC,0,0,0.00
2025-12-22,CABC.BC,0,0,0.00
2025-12-22,CFAC.BC,0,0,0.00
2025-12-22,CIAC.BC,0,0,0.00
2025-12-22,CIE.BC,0,0,0.00
2025-12-22,ECOC.BC,0,0,0.00
2025-12-22,ETIT.BC,0,0,0.00
2025-12-22,NEIC.BC,0,0,0.00
2025-12-22,NSBC.BC,0,0,0.00
2025-12-22,NTLC.BC,0,0,0.00
2025-12-22,ORGT.BC,0,0,0.00
2025-12-22,SABC.BC,0,0,0.00
2025-12-22,SCRC.BC,0,0,0.00
2025-12-22,SDCC.BC,0,0,0.00
2025-12-22,SDSC.BC,0,0,0.00
2025-12-22,SEMC.BC,0,0,0.00
2025-12-22,SGBC.BC,0,0,0.00
2025-12-22,SHEC.BC,0,0,0.00
2025-12-22,SIBC.BC,0,0,0.00
2025-12-22,SICC.BC,0,0,0.00
2025-12-22,SICB.BC,0,0,0.00
2025-12-22,SIVC.BC,0,0,0.00
2025-12-22,SLBC.BC,0,0,0.00
2025-12-22,SMBC.BC,0,0,0.00
2025-12-22,SNTS.BC,0,0,0.00
2025-12-22,SOGC.BC,0,0,0.00
2025-12-22,STAC.BC,0,0,0.00
2025-12-22,STBC.BC,0,0,0.00
2025-12-22,SVOC.BC,0,0,0.00
2025-12-22,ONTBF.BC,0,0,0.00
2025-12-22,PALC.BC,0,0,0.00
2025-12-22,PRSC.BC,0,0,0.00
2025-12-22,TTLC.BC,0,0,0.00
2025-12-22,TTLS.BC,0,0,0.00
2025-12-22,UNXC.BC,0,0,0.00
2025-12-22,FTSC.BC,0,0,0.00
2025-12-22,UNLC.BC,0,0,0.00
2025-12-22,BNBC.BC,0,0,0.00
